Data,Hora,Localização,TipoGeométrico,NomePonto,Eixo,Nominal,Medido,Desvio,Tol+,Tol-,Origem
01/04/2026,13:22:11,LOC23,CÍRCULO,28359,Y,830.08,830.22,0.14,0.5,-0.5,02.csv
01/04/2026,13:22:11,LOC23,CÍRCULO,28359,Z,273.81,274.16,0.35,0.5,-0.5,02.csv
01/04/2026,13:22:11,LOC62,CÍRCULO,28354,Y,821.91,823.25,1.34,0.5,-0.5,02.csv
01/04/2026,13:22:11,LOC62,CÍRCULO,28354,Z,648.15,648.06,-0.09,0.5,-0.5,02.csv
01/04/2026,13:22:11,LOC63,CÍRCULO,CÍR5,X,1575.12,1574.65,-0.47,0.5,-0.5,02.csv
01/04/2026,13:22:11,LOC63,CÍRCULO,CÍR5,Y,778.0,777.26,-0.74,0.5,-0.5,02.csv
01/04/2026,13:22:11,LOC63,CÍRCULO,CÍR5,Z,405.75,406.05,0.3,0.5,-0.5,02.csv
01/04/2026,13:22:11,LOC64,SLOT,SLTR1,X,1571.67,1571.35,-0.33,1.0,-1.0,02.csv
01/04/2026,13:22:11,LOC64,SLOT,SLTR1,Y,778.96,778.12,-0.84,1.0,-1.0,02.csv
01/04/2026,13:22:11,LOC64,SLOT,SLTR1,Z,361.9,362.13,0.24,1.0,-1.0,02.csv
01/04/2026,13:22:11,LOC65,CÍRCULO,CÍR4,X,1637.22,1635.33,-1.88,1.0,-1.0,02.csv
01/04/2026,13:22:11,LOC65,CÍRCULO,CÍR4,Y,745.94,745.05,-0.89,1.0,-1.0,02.csv
01/04/2026,13:22:11,LOC65,CÍRCULO,CÍR4,Z,579.71,580.1,0.39,1.0,-1.0,02.csv
01/04/2026,13:22:11,LOC66,CÍRCULO,CÍR3,X,1622.23,1621.43,-0.8,1.0,-1.0,02.csv
01/04/2026,13:22:11,LOC66,CÍRCULO,CÍR3,Y,750.37,749.5,-0.86,1.0,-1.0,02.csv
01/04/2026,13:22:11,LOC66,CÍRCULO,CÍR3,Z,427.84,427.91,0.07,1.0,-1.0,02.csv
01/04/2026,13:22:11,LOC25,SLOT,SLTQ1,X,1607.11,1605.94,-1.17,1.0,-1.0,02.csv
01/04/2026,13:22:11,LOC25,SLOT,SLTQ1,Y,770.84,770.23,-0.62,1.0,-1.0,02.csv
01/04/2026,13:22:11,LOC25,SLOT,SLTQ1,Z,496.72,497.12,0.4,1.0,-1.0,02.csv
01/04/2026,13:22:11,DIST1,DIST,28354 → 28359,M,8.17,6.97,-1.2,0.8,-0.8,02.csv
01/04/2026,13:22:11,DIST2,DIST,28359 → 28354,M,374.34,373.9,-0.44,0.8,-0.8,02.csv
01/04/2026,13:22:11,LOC67,PONTO,PNT15,T,0.0,0.31,0.31,0.5,-0.5,02.csv
01/04/2026,13:22:11,LOC68,PONTO,PNT16,T,0.0,0.06,0.06,0.5,-0.5,02.csv
01/04/2026,13:22:11,LOC69,PONTO,PNT17,T,0.0,0.2,0.2,0.5,-0.5,02.csv
01/04/2026,13:22:11,LOC70,PONTO,PNT18,T,0.0,0.01,0.01,0.5,-0.5,02.csv
01/04/2026,13:22:11,LOC71,PONTO,PNT19,T,0.0,-0.47,-0.47,0.5,-0.5,02.csv
01/04/2026,13:22:11,LOC72,PONTO,PNT20,T,0.0,-0.12,-0.12,0.5,-0.5,02.csv
01/04/2026,13:22:11,LOC73,PONTO,PNT21,T,0.0,-0.11,-0.11,0.5,-0.5,02.csv
01/04/2026,13:22:11,LOC74,PONTO,PNT22,T,0.0,0.74,0.74,0.5,-0.5,02.csv
01/04/2026,13:22:11,LOC75,PONTO,PNT23,T,0.0,-0.54,-0.54,0.5,-0.5,02.csv
01/04/2026,13:22:11,LOC76,PONTO,PNT24,T,0.0,-0.29,-0.29,0.5,-0.5,02.csv
01/04/2026,13:22:11,LOC77,PONTO,PNT25,T,0.0,-0.6,-0.6,0.5,-0.5,02.csv
01/04/2026,13:22:11,LOC78,PONTO,PNT26,T,0.0,-1.19,-1.19,0.5,-0.5,02.csv
01/04/2026,13:22:11,LOC79,PONTO,PNT27,T,0.0,-1.24,-1.24,0.5,-0.5,02.csv
01/04/2026,13:22:11,LOC80,PONTO,PNT28,T,0.0,-1.12,-1.12,0.5,-0.5,02.csv
01/04/2026,13:22:11,LOC81,PONTO,PNT29,T,0.0,-1.02,-1.02,0.5,-0.5,02.csv
01/04/2026,13:22:11,LOC82,PONTO,PNT30,T,0.0,-0.67,-0.67,0.5,-0.5,02.csv
01/04/2026,13:22:11,LOC83,PONTO,PNT31,T,0.0,-0.88,-0.88,0.5,-0.5,02.csv
01/04/2026,13:22:11,LOC84,PONTO,PNT32,T,0.0,0.01,0.01,0.5,-0.5,02.csv
01/04/2026,13:22:11,LOC85,PONTO,PNT33,T,0.0,-0.03,-0.03,0.5,-0.5,02.csv
01/04/2026,13:22:11,LOC86,PONTO,PNT34,T,0.0,0.21,0.21,0.5,-0.5,02.csv
01/04/2026,13:22:11,LOC87,PONTO,PNT35,T,0.0,0.73,0.73,0.5,-0.5,02.csv
01/04/2026,13:22:11,LOC88,PONTO,PNT36,T,0.0,0.14,0.14,0.5,-0.5,02.csv
01/04/2026,13:22:11,LOC89,PONTO,PNT37,T,0.0,0.36,0.36,0.5,-0.5,02.csv
01/04/2026,13:22:11,LOC90,PONTO,PNT38,T,0.0,0.27,0.27,0.5,-0.5,02.csv
01/04/2026,13:22:11,LOC91,PONTO,PNT39,T,0.0,-0.03,-0.03,0.5,-0.5,02.csv
01/04/2026,13:22:11,LOC92,PONTO,PNT40,T,0.0,0.84,0.84,0.5,-0.5,02.csv
01/04/2026,13:22:11,LOC93,PONTO,PNT41,T,0.0,0.29,0.29,0.5,-0.5,02.csv
01/04/2026,13:22:11,LOC94,PONTO,PNT42,T,0.0,-0.03,-0.03,0.5,-0.5,02.csv
01/04/2026,13:22:11,LOC95,PONTO,PNT43,T,0.0,0.44,0.44,0.5,-0.5,02.csv
01/04/2026,13:22:11,LOC96,PONTO,PNT44,T,0.0,1.25,1.25,0.5,-0.5,02.csv
01/04/2026,13:22:11,LOC97,PONTO,PNT45,T,0.0,0.1,0.1,0.5,-0.5,02.csv
01/04/2026,13:22:11,LOC98,PONTO,PNT46,T,0.0,0.48,0.48,0.5,-0.5,02.csv
01/04/2026,13:22:11,LOC99,PONTO,PNT47,T,0.0,0.22,0.22,0.5,-0.5,02.csv
01/04/2026,13:22:11,LOC100,PONTO,PNT48,T,0.0,0.57,0.57,0.5,-0.5,02.csv
01/04/2026,13:22:11,LOC101,PONTO,PNT49,T,0.0,-0.61,-0.61,0.5,-0.5,02.csv
01/04/2026,13:22:11,LOC102,PONTO,PNT51,T,0.0,-1.17,-1.17,0.5,-0.5,02.csv
01/04/2026,13:22:11,LOC103,PONTO,PNT52,T,0.0,-0.51,-0.51,0.5,-0.5,02.csv
01/04/2026,13:22:11,LOC104,PONTO,PNT53,T,0.0,-1.2,-1.2,0.5,-0.5,02.csv
01/04/2026,13:22:11,LOC105,PONTO,PNT54,T,0.0,-1.05,-1.05,0.5,-0.5,02.csv
01/04/2026,13:22:11,LOC106,PONTO,PNT55,T,0.0,-1.26,-1.26,0.5,-0.5,02.csv
01/04/2026,13:22:11,LOC107,PONTO,PNT56,T,0.0,-1.18,-1.18,0.5,-0.5,02.csv
01/04/2026,13:22:11,LOC108,PONTO,PNT57,T,0.0,-1.93,-1.93,0.5,-0.5,02.csv
01/04/2026,13:22:11,LOC109,PONTO,PNT58,T,0.0,0.27,0.27,0.5,-0.5,02.csv
01/04/2026,13:22:11,LOC110,PONTO,PNT59,T,0.0,0.07,0.07,0.5,-0.5,02.csv
01/04/2026,13:22:11,LOC111,PONTO,PNT60,T,0.0,0.24,0.24,0.5,-0.5,02.csv
01/04/2026,13:22:11,LOC112,PONTO,PNT9 BORDA,T,0.0,0.8,0.8,0.5,-0.5,02.csv
01/04/2026,13:22:11,LOC113,PONTO,PNT8 BORDA,T,0.0,0.42,0.42,0.5,-0.5,02.csv
01/04/2026,13:22:11,LOC114,PONTO,PNT7 BORDA,T,0.0,-0.3,-0.3,0.5,-0.5,02.csv
01/04/2026,13:22:11,LOC115,PONTO,PNT6 BORDA,T,0.0,-0.7,-0.7,0.5,-0.5,02.csv
01/04/2026,13:22:11,LOC116,PONTO,PNT5 BORDA,T,0.0,-0.41,-0.41,0.5,-0.5,02.csv
01/04/2026,13:22:11,LOC117,PONTO,PNT4 BORDA,T,0.0,-0.5,-0.5,0.5,-0.5,02.csv
01/04/2026,13:22:11,LOC118,PONTO,PNT3 BORDA,T,0.0,-0.77,-0.77,0.5,-0.5,02.csv
01/04/2026,13:22:11,LOC119,PONTO,PNT21 BORDA,T,0.0,0.2,0.2,0.5,-0.5,02.csv
01/04/2026,13:22:11,LOC120,PONTO,PNT20 BORDA,T,0.0,-0.29,-0.29,0.5,-0.5,02.csv
01/04/2026,13:22:11,LOC121,PONTO,PNT2 BORDA,T,0.0,-1.23,-1.23,0.5,-0.5,02.csv
01/04/2026,13:22:11,LOC122,PONTO,PNT19 BORDA,T,0.0,-0.31,-0.31,0.5,-0.5,02.csv
01/04/2026,13:22:11,LOC123,PONTO,PNT18 BORDA,T,0.0,-0.05,-0.05,0.5,-0.5,02.csv
01/04/2026,13:22:11,LOC124,PONTO,PNT17 BORDA,T,0.0,-1.52,-1.52,0.5,-0.5,02.csv
01/04/2026,13:22:11,LOC125,PONTO,PNT16 BORDA,T,0.0,0.49,0.49,0.5,-0.5,02.csv
01/04/2026,13:22:11,LOC126,PONTO,PNT15 BPRDA,T,0.0,-0.77,-0.77,0.5,-0.5,02.csv
01/04/2026,13:22:11,LOC127,PONTO,PNT14 BORDA,T,0.0,0.35,0.35,0.5,-0.5,02.csv
01/04/2026,13:22:11,LOC128,PONTO,PNT13 BORDA,T,0.0,-0.47,-0.47,0.5,-0.5,02.csv
01/04/2026,13:22:11,LOC129,PONTO,PNT12 BORDA,T,0.0,-0.83,-0.83,0.5,-0.5,02.csv
01/04/2026,13:22:11,LOC130,PONTO,PNT11 BORDA,T,0.0,-0.57,-0.57,0.5,-0.5,02.csv
01/04/2026,13:22:11,LOC131,PONTO,PNT10 BORDA,T,0.0,0.83,0.83,0.5,-0.5,02.csv
01/04/2026,13:22:11,LOC132,PONTO,PNT1 BORDA,T,0.0,-2.7,-2.7,0.5,-0.5,02.csv
04/04/2026,11:58:24,LOC23,CÍRCULO,28359,Y,830.08,829.01,-1.07,0.5,-0.5,03.csv
04/04/2026,11:58:24,LOC23,CÍRCULO,28359,Z,273.81,272.89,-0.92,0.5,-0.5,03.csv
04/04/2026,11:58:24,LOC62,CÍRCULO,28354,Y,821.91,823.6,1.69,0.5,-0.5,03.csv
04/04/2026,11:58:24,LOC62,CÍRCULO,28354,Z,648.15,647.19,-0.96,0.5,-0.5,03.csv
04/04/2026,11:58:24,LOC63,CÍRCULO,CÍR5,X,1575.12,1574.73,-0.39,0.5,-0.5,03.csv
04/04/2026,11:58:24,LOC63,CÍRCULO,CÍR5,Y,778.0,777.09,-0.91,0.5,-0.5,03.csv
04/04/2026,11:58:24,LOC63,CÍRCULO,CÍR5,Z,405.75,405.47,-0.28,0.5,-0.5,03.csv
04/04/2026,11:58:24,LOC64,SLOT,SLTR1,X,1571.67,1571.39,-0.29,1.0,-1.0,03.csv
04/04/2026,11:58:24,LOC64,SLOT,SLTR1,Y,778.96,777.82,-1.14,1.0,-1.0,03.csv
04/04/2026,11:58:24,LOC64,SLOT,SLTR1,Z,361.9,361.55,-0.35,1.0,-1.0,03.csv
04/04/2026,11:58:24,LOC65,CÍRCULO,CÍR4,X,1637.22,1635.62,-1.6,1.0,-1.0,03.csv
04/04/2026,11:58:24,LOC65,CÍRCULO,CÍR4,Y,745.94,745.39,-0.55,1.0,-1.0,03.csv
04/04/2026,11:58:24,LOC65,CÍRCULO,CÍR4,Z,579.71,579.56,-0.16,1.0,-1.0,03.csv
04/04/2026,11:58:24,LOC66,CÍRCULO,CÍR3,X,1622.23,1621.68,-0.55,1.0,-1.0,03.csv
04/04/2026,11:58:24,LOC66,CÍRCULO,CÍR3,Y,750.37,749.55,-0.81,1.0,-1.0,03.csv
04/04/2026,11:58:24,LOC66,CÍRCULO,CÍR3,Z,427.84,427.37,-0.46,1.0,-1.0,03.csv
04/04/2026,11:58:24,LOC25,SLOT,SLTQ1,X,1607.11,1606.09,-1.02,1.0,-1.0,03.csv
04/04/2026,11:58:24,LOC25,SLOT,SLTQ1,Y,770.84,770.46,-0.38,1.0,-1.0,03.csv
04/04/2026,11:58:24,LOC25,SLOT,SLTQ1,Z,496.72,496.53,-0.19,1.0,-1.0,03.csv
04/04/2026,11:58:24,DIST1,DIST,28354 → 28359,M,8.17,5.4,-2.77,0.8,-0.8,03.csv
04/04/2026,11:58:24,DIST2,DIST,28359 → 28354,M,374.34,374.3,-0.04,0.8,-0.8,03.csv
04/04/2026,11:58:24,LOC67,PONTO,PNT15,T,0.0,0.16,0.16,0.5,-0.5,03.csv
04/04/2026,11:58:24,LOC68,PONTO,PNT16,T,0.0,-0.14,-0.14,0.5,-0.5,03.csv
04/04/2026,11:58:24,LOC69,PONTO,PNT17,T,0.0,0.1,0.1,0.5,-0.5,03.csv
04/04/2026,11:58:24,LOC70,PONTO,PNT18,T,0.0,-0.16,-0.16,0.5,-0.5,03.csv
04/04/2026,11:58:24,LOC71,PONTO,PNT19,T,0.0,-0.41,-0.41,0.5,-0.5,03.csv
04/04/2026,11:58:24,LOC72,PONTO,PNT20,T,0.0,-0.22,-0.22,0.5,-0.5,03.csv
04/04/2026,11:58:24,LOC73,PONTO,PNT21,T,0.0,-0.03,-0.03,0.5,-0.5,03.csv
04/04/2026,11:58:24,LOC74,PONTO,PNT22,T,0.0,0.79,0.79,0.5,-0.5,03.csv
04/04/2026,11:58:24,LOC75,PONTO,PNT23,T,0.0,-0.22,-0.22,0.5,-0.5,03.csv
04/04/2026,11:58:24,LOC76,PONTO,PNT24,T,0.0,-0.01,-0.01,0.5,-0.5,03.csv
04/04/2026,11:58:24,LOC77,PONTO,PNT25,T,0.0,-0.29,-0.29,0.5,-0.5,03.csv
04/04/2026,11:58:24,LOC78,PONTO,PNT26,T,0.0,-0.89,-0.89,0.5,-0.5,03.csv
04/04/2026,11:58:24,LOC79,PONTO,PNT27,T,0.0,-1.0,-1.0,0.5,-0.5,03.csv
04/04/2026,11:58:24,LOC80,PONTO,PNT28,T,0.0,-0.95,-0.95,0.5,-0.5,03.csv
04/04/2026,11:58:24,LOC81,PONTO,PNT29,T,0.0,-0.72,-0.72,0.5,-0.5,03.csv
04/04/2026,11:58:24,LOC82,PONTO,PNT30,T,0.0,-0.48,-0.48,0.5,-0.5,03.csv
04/04/2026,11:58:24,LOC83,PONTO,PNT31,T,0.0,-0.82,-0.82,0.5,-0.5,03.csv
04/04/2026,11:58:24,LOC84,PONTO,PNT32,T,0.0,-0.04,-0.04,0.5,-0.5,03.csv
04/04/2026,11:58:24,LOC85,PONTO,PNT33,T,0.0,-0.09,-0.09,0.5,-0.5,03.csv
04/04/2026,11:58:24,LOC86,PONTO,PNT34,T,0.0,-0.04,-0.04,0.5,-0.5,03.csv
04/04/2026,11:58:24,LOC87,PONTO,PNT35,T,0.0,0.28,0.28,0.5,-0.5,03.csv
04/04/2026,11:58:24,LOC88,PONTO,PNT36,T,0.0,0.04,0.04,0.5,-0.5,03.csv
04/04/2026,11:58:24,LOC89,PONTO,PNT37,T,0.0,0.11,0.11,0.5,-0.5,03.csv
04/04/2026,11:58:24,LOC90,PONTO,PNT38,T,0.0,0.36,0.36,0.5,-0.5,03.csv
04/04/2026,11:58:24,LOC91,PONTO,PNT39,T,0.0,0.22,0.22,0.5,-0.5,03.csv
04/04/2026,11:58:24,LOC92,PONTO,PNT40,T,0.0,0.89,0.89,0.5,-0.5,03.csv
04/04/2026,11:58:24,LOC93,PONTO,PNT41,T,0.0,0.6,0.6,0.5,-0.5,03.csv
04/04/2026,11:58:24,LOC94,PONTO,PNT42,T,0.0,0.07,0.07,0.5,-0.5,03.csv
04/04/2026,11:58:24,LOC95,PONTO,PNT43,T,0.0,0.43,0.43,0.5,-0.5,03.csv
04/04/2026,11:58:24,LOC96,PONTO,PNT44,T,0.0,1.61,1.61,0.5,-0.5,03.csv
04/04/2026,11:58:24,LOC97,PONTO,PNT45,T,0.0,0.23,0.23,0.5,-0.5,03.csv
04/04/2026,11:58:24,LOC98,PONTO,PNT46,T,0.0,0.39,0.39,0.5,-0.5,03.csv
04/04/2026,11:58:24,LOC99,PONTO,PNT47,T,0.0,0.03,0.03,0.5,-0.5,03.csv
04/04/2026,11:58:24,LOC100,PONTO,PNT48,T,0.0,0.43,0.43,0.5,-0.5,03.csv
04/04/2026,11:58:24,LOC101,PONTO,PNT49,T,0.0,-0.58,-0.58,0.5,-0.5,03.csv
04/04/2026,11:58:24,LOC102,PONTO,PNT51,T,0.0,-0.92,-0.92,0.5,-0.5,03.csv
04/04/2026,11:58:24,LOC103,PONTO,PNT52,T,0.0,-0.36,-0.36,0.5,-0.5,03.csv
04/04/2026,11:58:24,LOC104,PONTO,PNT53,T,0.0,-1.09,-1.09,0.5,-0.5,03.csv
04/04/2026,11:58:24,LOC105,PONTO,PNT54,T,0.0,-0.95,-0.95,0.5,-0.5,03.csv
04/04/2026,11:58:24,LOC106,PONTO,PNT55,T,0.0,-1.01,-1.01,0.5,-0.5,03.csv
04/04/2026,11:58:24,LOC107,PONTO,PNT56,T,0.0,-1.03,-1.03,0.5,-0.5,03.csv
04/04/2026,11:58:24,LOC108,PONTO,PNT57,T,0.0,-1.62,-1.62,0.5,-0.5,03.csv
04/04/2026,11:58:24,LOC109,PONTO,PNT58,T,0.0,0.11,0.11,0.5,-0.5,03.csv
04/04/2026,11:58:24,LOC110,PONTO,PNT59,T,0.0,-0.08,-0.08,0.5,-0.5,03.csv
04/04/2026,11:58:24,LOC111,PONTO,PNT60,T,0.0,-0.08,-0.08,0.5,-0.5,03.csv
04/04/2026,11:58:24,LOC112,PONTO,PNT9 BORDA,T,0.0,0.95,0.95,0.5,-0.5,03.csv
04/04/2026,11:58:24,LOC113,PONTO,PNT8 BORDA,T,0.0,0.64,0.64,0.5,-0.5,03.csv
04/04/2026,11:58:24,LOC114,PONTO,PNT7 BORDA,T,0.0,-0.05,-0.05,0.5,-0.5,03.csv
04/04/2026,11:58:24,LOC115,PONTO,PNT6 BORDA,T,0.0,-0.41,-0.41,0.5,-0.5,03.csv
04/04/2026,11:58:24,LOC116,PONTO,PNT5 BORDA,T,0.0,-0.22,-0.22,0.5,-0.5,03.csv
04/04/2026,11:58:24,LOC117,PONTO,PNT4 BORDA,T,0.0,-0.29,-0.29,0.5,-0.5,03.csv
04/04/2026,11:58:24,LOC118,PONTO,PNT3 BORDA,T,0.0,-0.5,-0.5,0.5,-0.5,03.csv
04/04/2026,11:58:24,LOC119,PONTO,PNT21 BORDA,T,0.0,0.29,0.29,0.5,-0.5,03.csv
04/04/2026,11:58:24,LOC120,PONTO,PNT20 BORDA,T,0.0,-0.13,-0.13,0.5,-0.5,03.csv
04/04/2026,11:58:24,LOC121,PONTO,PNT2 BORDA,T,0.0,-0.88,-0.88,0.5,-0.5,03.csv
04/04/2026,11:58:24,LOC122,PONTO,PNT19 BORDA,T,0.0,-0.11,-0.11,0.5,-0.5,03.csv
04/04/2026,11:58:24,LOC123,PONTO,PNT18 BORDA,T,0.0,-0.82,-0.82,0.5,-0.5,03.csv
04/04/2026,11:58:24,LOC124,PONTO,PNT17 BORDA,T,0.0,-1.94,-1.94,0.5,-0.5,03.csv
04/04/2026,11:58:24,LOC125,PONTO,PNT16 BORDA,T,0.0,-0.16,-0.16,0.5,-0.5,03.csv
04/04/2026,11:58:24,LOC126,PONTO,PNT15 BPRDA,T,0.0,-1.57,-1.57,0.5,-0.5,03.csv
04/04/2026,11:58:24,LOC127,PONTO,PNT14 BORDA,T,0.0,0.43,0.43,0.5,-0.5,03.csv
04/04/2026,11:58:24,LOC128,PONTO,PNT13 BORDA,T,0.0,-0.76,-0.76,0.5,-0.5,03.csv
04/04/2026,11:58:24,LOC129,PONTO,PNT12 BORDA,T,0.0,-0.11,-0.11,0.5,-0.5,03.csv
04/04/2026,11:58:24,LOC130,PONTO,PNT11 BORDA,T,0.0,0.0,0.0,0.5,-0.5,03.csv
04/04/2026,11:58:24,LOC131,PONTO,PNT10 BORDA,T,0.0,1.4,1.4,0.5,-0.5,03.csv
04/04/2026,11:58:24,LOC132,PONTO,PNT1 BORDA,T,0.0,-2.39,-2.39,0.5,-0.5,03.csv
06/04/2026,18:17:12,LOC23,CÍRCULO,28359,Y,830.08,829.01,-1.07,0.5,-0.5,C2026.0951.csv
06/04/2026,18:17:12,LOC23,CÍRCULO,28359,Z,273.81,272.89,-0.92,0.5,-0.5,C2026.0951.csv
06/04/2026,18:17:12,LOC62,CÍRCULO,28354,Y,821.91,823.6,1.69,0.5,-0.5,C2026.0951.csv
06/04/2026,18:17:12,LOC62,CÍRCULO,28354,Z,648.15,647.19,-0.96,0.5,-0.5,C2026.0951.csv
06/04/2026,18:17:12,LOC63,CÍRCULO,CÍR5,X,1575.12,1574.73,-0.39,0.5,-0.5,C2026.0951.csv
06/04/2026,18:17:12,LOC63,CÍRCULO,CÍR5,Y,778.0,777.09,-0.91,0.5,-0.5,C2026.0951.csv
06/04/2026,18:17:12,LOC63,CÍRCULO,CÍR5,Z,405.75,405.47,-0.28,0.5,-0.5,C2026.0951.csv
06/04/2026,18:17:12,LOC64,SLOT,SLTR1,X,1571.67,1571.39,-0.29,1.0,-1.0,C2026.0951.csv
06/04/2026,18:17:12,LOC64,SLOT,SLTR1,Y,778.96,777.82,-1.14,1.0,-1.0,C2026.0951.csv
06/04/2026,18:17:12,LOC64,SLOT,SLTR1,Z,361.9,361.55,-0.35,1.0,-1.0,C2026.0951.csv
06/04/2026,18:17:12,LOC65,CÍRCULO,CÍR4,X,1637.22,1635.62,-1.6,1.0,-1.0,C2026.0951.csv
06/04/2026,18:17:12,LOC65,CÍRCULO,CÍR4,Y,745.94,745.39,-0.55,1.0,-1.0,C2026.0951.csv
06/04/2026,18:17:12,LOC65,CÍRCULO,CÍR4,Z,579.71,579.56,-0.16,1.0,-1.0,C2026.0951.csv
06/04/2026,18:17:12,LOC66,CÍRCULO,CÍR3,X,1622.23,1621.68,-0.55,1.0,-1.0,C2026.0951.csv
06/04/2026,18:17:12,LOC66,CÍRCULO,CÍR3,Y,750.37,749.55,-0.81,1.0,-1.0,C2026.0951.csv
06/04/2026,18:17:12,LOC66,CÍRCULO,CÍR3,Z,427.84,427.37,-0.46,1.0,-1.0,C2026.0951.csv
06/04/2026,18:17:12,LOC25,SLOT,SLTQ1,X,1607.11,1606.09,-1.02,1.0,-1.0,C2026.0951.csv
06/04/2026,18:17:12,LOC25,SLOT,SLTQ1,Y,770.84,770.46,-0.38,1.0,-1.0,C2026.0951.csv
06/04/2026,18:17:12,LOC25,SLOT,SLTQ1,Z,496.72,496.53,-0.19,1.0,-1.0,C2026.0951.csv
06/04/2026,18:17:12,DIST1,DIST,28354 → 28359,M,8.17,5.4,-2.77,0.8,-0.8,C2026.0951.csv
06/04/2026,18:17:12,DIST2,DIST,28359 → 28354,M,374.34,374.3,-0.04,0.8,-0.8,C2026.0951.csv
06/04/2026,18:17:12,LOC67,PONTO,PNT15,T,0.0,0.16,0.16,0.5,-0.5,C2026.0951.csv
06/04/2026,18:17:12,LOC68,PONTO,PNT16,T,0.0,-0.14,-0.14,0.5,-0.5,C2026.0951.csv
06/04/2026,18:17:12,LOC69,PONTO,PNT17,T,0.0,0.1,0.1,0.5,-0.5,C2026.0951.csv
06/04/2026,18:17:12,LOC70,PONTO,PNT18,T,0.0,-0.16,-0.16,0.5,-0.5,C2026.0951.csv
06/04/2026,18:17:12,LOC71,PONTO,PNT19,T,0.0,-0.41,-0.41,0.5,-0.5,C2026.0951.csv
06/04/2026,18:17:12,LOC72,PONTO,PNT20,T,0.0,-0.22,-0.22,0.5,-0.5,C2026.0951.csv
06/04/2026,18:17:12,LOC73,PONTO,PNT21,T,0.0,-0.03,-0.03,0.5,-0.5,C2026.0951.csv
06/04/2026,18:17:12,LOC74,PONTO,PNT22,T,0.0,0.79,0.79,0.5,-0.5,C2026.0951.csv
06/04/2026,18:17:12,LOC75,PONTO,PNT23,T,0.0,-0.22,-0.22,0.5,-0.5,C2026.0951.csv
06/04/2026,18:17:12,LOC76,PONTO,PNT24,T,0.0,-0.01,-0.01,0.5,-0.5,C2026.0951.csv
06/04/2026,18:17:12,LOC77,PONTO,PNT25,T,0.0,-0.29,-0.29,0.5,-0.5,C2026.0951.csv
06/04/2026,18:17:12,LOC78,PONTO,PNT26,T,0.0,-0.89,-0.89,0.5,-0.5,C2026.0951.csv
06/04/2026,18:17:12,LOC79,PONTO,PNT27,T,0.0,-1.0,-1.0,0.5,-0.5,C2026.0951.csv
06/04/2026,18:17:12,LOC80,PONTO,PNT28,T,0.0,-0.95,-0.95,0.5,-0.5,C2026.0951.csv
06/04/2026,18:17:12,LOC81,PONTO,PNT29,T,0.0,-0.72,-0.72,0.5,-0.5,C2026.0951.csv
06/04/2026,18:17:12,LOC82,PONTO,PNT30,T,0.0,-0.48,-0.48,0.5,-0.5,C2026.0951.csv
06/04/2026,18:17:12,LOC83,PONTO,PNT31,T,0.0,-0.82,-0.82,0.5,-0.5,C2026.0951.csv
06/04/2026,18:17:12,LOC84,PONTO,PNT32,T,0.0,-0.04,-0.04,0.5,-0.5,C2026.0951.csv
06/04/2026,18:17:12,LOC85,PONTO,PNT33,T,0.0,-0.09,-0.09,0.5,-0.5,C2026.0951.csv
06/04/2026,18:17:12,LOC86,PONTO,PNT34,T,0.0,-0.04,-0.04,0.5,-0.5,C2026.0951.csv
06/04/2026,18:17:12,LOC87,PONTO,PNT35,T,0.0,0.28,0.28,0.5,-0.5,C2026.0951.csv
06/04/2026,18:17:12,LOC88,PONTO,PNT36,T,0.0,0.04,0.04,0.5,-0.5,C2026.0951.csv
06/04/2026,18:17:12,LOC89,PONTO,PNT37,T,0.0,0.11,0.11,0.5,-0.5,C2026.0951.csv
06/04/2026,18:17:12,LOC90,PONTO,PNT38,T,0.0,0.36,0.36,0.5,-0.5,C2026.0951.csv
06/04/2026,18:17:12,LOC91,PONTO,PNT39,T,0.0,0.22,0.22,0.5,-0.5,C2026.0951.csv
06/04/2026,18:17:12,LOC92,PONTO,PNT40,T,0.0,0.89,0.89,0.5,-0.5,C2026.0951.csv
06/04/2026,18:17:12,LOC93,PONTO,PNT41,T,0.0,0.6,0.6,0.5,-0.5,C2026.0951.csv
06/04/2026,18:17:12,LOC94,PONTO,PNT42,T,0.0,0.07,0.07,0.5,-0.5,C2026.0951.csv
06/04/2026,18:17:12,LOC95,PONTO,PNT43,T,0.0,0.43,0.43,0.5,-0.5,C2026.0951.csv
06/04/2026,18:17:12,LOC96,PONTO,PNT44,T,0.0,1.61,1.61,0.5,-0.5,C2026.0951.csv
06/04/2026,18:17:12,LOC97,PONTO,PNT45,T,0.0,0.23,0.23,0.5,-0.5,C2026.0951.csv
06/04/2026,18:17:12,LOC98,PONTO,PNT46,T,0.0,0.39,0.39,0.5,-0.5,C2026.0951.csv
06/04/2026,18:17:12,LOC99,PONTO,PNT47,T,0.0,0.03,0.03,0.5,-0.5,C2026.0951.csv
06/04/2026,18:17:12,LOC100,PONTO,PNT48,T,0.0,0.43,0.43,0.5,-0.5,C2026.0951.csv
06/04/2026,18:17:12,LOC101,PONTO,PNT49,T,0.0,-0.58,-0.58,0.5,-0.5,C2026.0951.csv
06/04/2026,18:17:12,LOC102,PONTO,PNT51,T,0.0,-0.92,-0.92,0.5,-0.5,C2026.0951.csv
06/04/2026,18:17:12,LOC103,PONTO,PNT52,T,0.0,-0.36,-0.36,0.5,-0.5,C2026.0951.csv
06/04/2026,18:17:12,LOC104,PONTO,PNT53,T,0.0,-1.09,-1.09,0.5,-0.5,C2026.0951.csv
06/04/2026,18:17:12,LOC105,PONTO,PNT54,T,0.0,-0.95,-0.95,0.5,-0.5,C2026.0951.csv
06/04/2026,18:17:12,LOC106,PONTO,PNT55,T,0.0,-1.01,-1.01,0.5,-0.5,C2026.0951.csv
06/04/2026,18:17:12,LOC107,PONTO,PNT56,T,0.0,-1.03,-1.03,0.5,-0.5,C2026.0951.csv
06/04/2026,18:17:12,LOC108,PONTO,PNT57,T,0.0,-1.62,-1.62,0.5,-0.5,C2026.0951.csv
06/04/2026,18:17:12,LOC109,PONTO,PNT58,T,0.0,0.11,0.11,0.5,-0.5,C2026.0951.csv
06/04/2026,18:17:12,LOC110,PONTO,PNT59,T,0.0,-0.08,-0.08,0.5,-0.5,C2026.0951.csv
06/04/2026,18:17:12,LOC111,PONTO,PNT60,T,0.0,-0.08,-0.08,0.5,-0.5,C2026.0951.csv
06/04/2026,18:17:12,LOC112,PONTO,PNT9 BORDA,T,0.0,0.95,0.95,0.5,-0.5,C2026.0951.csv
06/04/2026,18:17:12,LOC113,PONTO,PNT8 BORDA,T,0.0,0.64,0.64,0.5,-0.5,C2026.0951.csv
06/04/2026,18:17:12,LOC114,PONTO,PNT7 BORDA,T,0.0,-0.05,-0.05,0.5,-0.5,C2026.0951.csv
06/04/2026,18:17:12,LOC115,PONTO,PNT6 BORDA,T,0.0,-0.41,-0.41,0.5,-0.5,C2026.0951.csv
06/04/2026,18:17:12,LOC116,PONTO,PNT5 BORDA,T,0.0,-0.22,-0.22,0.5,-0.5,C2026.0951.csv
06/04/2026,18:17:12,LOC117,PONTO,PNT4 BORDA,T,0.0,-0.29,-0.29,0.5,-0.5,C2026.0951.csv
06/04/2026,18:17:12,LOC118,PONTO,PNT3 BORDA,T,0.0,-0.5,-0.5,0.5,-0.5,C2026.0951.csv
06/04/2026,18:17:12,LOC119,PONTO,PNT21 BORDA,T,0.0,0.29,0.29,0.5,-0.5,C2026.0951.csv
06/04/2026,18:17:12,LOC120,PONTO,PNT20 BORDA,T,0.0,-0.13,-0.13,0.5,-0.5,C2026.0951.csv
06/04/2026,18:17:12,LOC121,PONTO,PNT2 BORDA,T,0.0,-0.88,-0.88,0.5,-0.5,C2026.0951.csv
06/04/2026,18:17:12,LOC122,PONTO,PNT19 BORDA,T,0.0,-0.11,-0.11,0.5,-0.5,C2026.0951.csv
06/04/2026,18:17:12,LOC123,PONTO,PNT18 BORDA,T,0.0,-0.82,-0.82,0.5,-0.5,C2026.0951.csv
06/04/2026,18:17:12,LOC124,PONTO,PNT17 BORDA,T,0.0,-1.94,-1.94,0.5,-0.5,C2026.0951.csv
06/04/2026,18:17:12,LOC125,PONTO,PNT16 BORDA,T,0.0,-0.16,-0.16,0.5,-0.5,C2026.0951.csv
06/04/2026,18:17:12,LOC126,PONTO,PNT15 BPRDA,T,0.0,-1.57,-1.57,0.5,-0.5,C2026.0951.csv
06/04/2026,18:17:12,LOC127,PONTO,PNT14 BORDA,T,0.0,0.43,0.43,0.5,-0.5,C2026.0951.csv
06/04/2026,18:17:12,LOC128,PONTO,PNT13 BORDA,T,0.0,-0.76,-0.76,0.5,-0.5,C2026.0951.csv
06/04/2026,18:17:12,LOC129,PONTO,PNT12 BORDA,T,0.0,-0.11,-0.11,0.5,-0.5,C2026.0951.csv
06/04/2026,18:17:12,LOC130,PONTO,PNT11 BORDA,T,0.0,0.0,0.0,0.5,-0.5,C2026.0951.csv
06/04/2026,18:17:12,LOC131,PONTO,PNT10 BORDA,T,0.0,1.4,1.4,0.5,-0.5,C2026.0951.csv
06/04/2026,18:17:12,LOC132,PONTO,PNT1 BORDA,T,0.0,-2.39,-2.39,0.5,-0.5,C2026.0951.csv
08/04/2026,19:26:51,LOC23,CÍRCULO,28359,Y,830.08,829.06,-1.02,0.5,-0.5,C2026.0952.csv
08/04/2026,19:26:51,LOC23,CÍRCULO,28359,Z,273.81,273.5,-0.31,0.5,-0.5,C2026.0952.csv
08/04/2026,19:26:51,LOC62,CÍRCULO,28354,Y,821.91,822.47,0.55,0.5,-0.5,C2026.0952.csv
08/04/2026,19:26:51,LOC62,CÍRCULO,28354,Z,648.15,647.37,-0.78,0.5,-0.5,C2026.0952.csv
08/04/2026,19:26:51,LOC63,CÍRCULO,CÍR5,X,1575.12,1574.29,-0.83,0.5,-0.5,C2026.0952.csv
08/04/2026,19:26:51,LOC63,CÍRCULO,CÍR5,Y,778.0,777.07,-0.93,0.5,-0.5,C2026.0952.csv
08/04/2026,19:26:51,LOC63,CÍRCULO,CÍR5,Z,405.75,405.7,-0.05,0.5,-0.5,C2026.0952.csv
08/04/2026,19:26:51,LOC64,SLOT,SLTR1,X,1571.67,1570.9,-0.77,1.0,-1.0,C2026.0952.csv
08/04/2026,19:26:51,LOC64,SLOT,SLTR1,Y,778.96,777.68,-1.28,1.0,-1.0,C2026.0952.csv
08/04/2026,19:26:51,LOC64,SLOT,SLTR1,Z,361.9,361.76,-0.14,1.0,-1.0,C2026.0952.csv
08/04/2026,19:26:51,LOC65,CÍRCULO,CÍR4,X,1637.22,1635.54,-1.68,1.0,-1.0,C2026.0952.csv
08/04/2026,19:26:51,LOC65,CÍRCULO,CÍR4,Y,745.94,745.95,0.01,1.0,-1.0,C2026.0952.csv
08/04/2026,19:26:51,LOC65,CÍRCULO,CÍR4,Z,579.71,579.76,0.04,1.0,-1.0,C2026.0952.csv
08/04/2026,19:26:51,LOC66,CÍRCULO,CÍR3,X,1622.23,1621.57,-0.65,1.0,-1.0,C2026.0952.csv
08/04/2026,19:26:51,LOC66,CÍRCULO,CÍR3,Y,750.37,749.52,-0.85,1.0,-1.0,C2026.0952.csv
08/04/2026,19:26:51,LOC66,CÍRCULO,CÍR3,Z,427.84,427.54,-0.29,1.0,-1.0,C2026.0952.csv
08/04/2026,19:26:51,LOC25,SLOT,SLTQ1,X,1607.11,1606.01,-1.1,1.0,-1.0,C2026.0952.csv
08/04/2026,19:26:51,LOC25,SLOT,SLTQ1,Y,770.84,770.58,-0.27,1.0,-1.0,C2026.0952.csv
08/04/2026,19:26:51,LOC25,SLOT,SLTQ1,Z,496.72,496.57,-0.15,1.0,-1.0,C2026.0952.csv
08/04/2026,19:26:51,DIST1,DIST,28354 → 28359,M,8.17,4.59,-3.58,0.8,-0.8,C2026.0952.csv
08/04/2026,19:26:51,DIST2,DIST,28359 → 28354,M,374.34,373.87,-0.47,0.8,-0.8,C2026.0952.csv
08/04/2026,19:26:51,LOC67,PONTO,PNT15,T,0.0,-0.11,-0.11,0.5,-0.5,C2026.0952.csv
08/04/2026,19:26:51,LOC68,PONTO,PNT16,T,0.0,-0.19,-0.19,0.5,-0.5,C2026.0952.csv
08/04/2026,19:26:51,LOC69,PONTO,PNT17,T,0.0,-0.91,-0.91,0.5,-0.5,C2026.0952.csv
08/04/2026,19:26:51,LOC70,PONTO,PNT18,T,0.0,-1.25,-1.25,0.5,-0.5,C2026.0952.csv
08/04/2026,19:26:51,LOC71,PONTO,PNT19,T,0.0,-1.18,-1.18,0.5,-0.5,C2026.0952.csv
08/04/2026,19:26:51,LOC72,PONTO,PNT20,T,0.0,-1.0,-1.0,0.5,-0.5,C2026.0952.csv
08/04/2026,19:26:51,LOC73,PONTO,PNT21,T,0.0,-0.55,-0.55,0.5,-0.5,C2026.0952.csv
08/04/2026,19:26:51,LOC74,PONTO,PNT22,T,0.0,0.04,0.04,0.5,-0.5,C2026.0952.csv
08/04/2026,19:26:51,LOC75,PONTO,PNT23,T,0.0,0.45,0.45,0.5,-0.5,C2026.0952.csv
08/04/2026,19:26:51,LOC76,PONTO,PNT24,T,0.0,0.35,0.35,0.5,-0.5,C2026.0952.csv
08/04/2026,19:26:51,LOC77,PONTO,PNT25,T,0.0,0.22,0.22,0.5,-0.5,C2026.0952.csv
08/04/2026,19:26:51,LOC78,PONTO,PNT26,T,0.0,-0.14,-0.14,0.5,-0.5,C2026.0952.csv
08/04/2026,19:26:51,LOC79,PONTO,PNT27,T,0.0,-0.8,-0.8,0.5,-0.5,C2026.0952.csv
08/04/2026,19:26:51,LOC80,PONTO,PNT28,T,0.0,-0.57,-0.57,0.5,-0.5,C2026.0952.csv
08/04/2026,19:26:51,LOC81,PONTO,PNT29,T,0.0,-0.49,-0.49,0.5,-0.5,C2026.0952.csv
08/04/2026,19:26:51,LOC82,PONTO,PNT30,T,0.0,-0.55,-0.55,0.5,-0.5,C2026.0952.csv
08/04/2026,19:26:51,LOC83,PONTO,PNT31,T,0.0,-0.69,-0.69,0.5,-0.5,C2026.0952.csv
08/04/2026,19:26:51,LOC84,PONTO,PNT32,T,0.0,0.09,0.09,0.5,-0.5,C2026.0952.csv
08/04/2026,19:26:51,LOC85,PONTO,PNT33,T,0.0,0.02,0.02,0.5,-0.5,C2026.0952.csv
08/04/2026,19:26:51,LOC86,PONTO,PNT34,T,0.0,-0.15,-0.15,0.5,-0.5,C2026.0952.csv
08/04/2026,19:26:51,LOC87,PONTO,PNT35,T,0.0,0.0,0.0,0.5,-0.5,C2026.0952.csv
08/04/2026,19:26:51,LOC88,PONTO,PNT36,T,0.0,-0.05,-0.05,0.5,-0.5,C2026.0952.csv
08/04/2026,19:26:51,LOC89,PONTO,PNT37,T,0.0,0.12,0.12,0.5,-0.5,C2026.0952.csv
08/04/2026,19:26:51,LOC90,PONTO,PNT38,T,0.0,0.26,0.26,0.5,-0.5,C2026.0952.csv
08/04/2026,19:26:51,LOC91,PONTO,PNT39,T,0.0,-0.06,-0.06,0.5,-0.5,C2026.0952.csv
08/04/2026,19:26:51,LOC92,PONTO,PNT40,T,0.0,0.8,0.8,0.5,-0.5,C2026.0952.csv
08/04/2026,19:26:51,LOC93,PONTO,PNT41,T,0.0,0.28,0.28,0.5,-0.5,C2026.0952.csv
08/04/2026,19:26:51,LOC94,PONTO,PNT42,T,0.0,-0.34,-0.34,0.5,-0.5,C2026.0952.csv
08/04/2026,19:26:51,LOC95,PONTO,PNT43,T,0.0,0.13,0.13,0.5,-0.5,C2026.0952.csv
08/04/2026,19:26:51,LOC96,PONTO,PNT44,T,0.0,1.49,1.49,0.5,-0.5,C2026.0952.csv
08/04/2026,19:26:51,LOC97,PONTO,PNT45,T,0.0,0.33,0.33,0.5,-0.5,C2026.0952.csv
08/04/2026,19:26:51,LOC98,PONTO,PNT46,T,0.0,0.23,0.23,0.5,-0.5,C2026.0952.csv
08/04/2026,19:26:51,LOC99,PONTO,PNT47,T,0.0,-0.57,-0.57,0.5,-0.5,C2026.0952.csv
08/04/2026,19:26:51,LOC100,PONTO,PNT48,T,0.0,-0.05,-0.05,0.5,-0.5,C2026.0952.csv
08/04/2026,19:26:51,LOC101,PONTO,PNT49,T,0.0,-0.99,-0.99,0.5,-0.5,C2026.0952.csv
08/04/2026,19:26:51,LOC102,PONTO,PNT51,T,0.0,-1.25,-1.25,0.5,-0.5,C2026.0952.csv
08/04/2026,19:26:51,LOC103,PONTO,PNT52,T,0.0,-0.83,-0.83,0.5,-0.5,C2026.0952.csv
08/04/2026,19:26:51,LOC104,PONTO,PNT53,T,0.0,-1.45,-1.45,0.5,-0.5,C2026.0952.csv
08/04/2026,19:26:51,LOC105,PONTO,PNT54,T,0.0,-1.28,-1.28,0.5,-0.5,C2026.0952.csv
08/04/2026,19:26:51,LOC106,PONTO,PNT55,T,0.0,-1.33,-1.33,0.5,-0.5,C2026.0952.csv
08/04/2026,19:26:51,LOC107,PONTO,PNT56,T,0.0,-1.17,-1.17,0.5,-0.5,C2026.0952.csv
08/04/2026,19:26:51,LOC108,PONTO,PNT57,T,0.0,-1.75,-1.75,0.5,-0.5,C2026.0952.csv
08/04/2026,19:26:51,LOC109,PONTO,PNT58,T,0.0,-0.35,-0.35,0.5,-0.5,C2026.0952.csv
08/04/2026,19:26:51,LOC110,PONTO,PNT59,T,0.0,-0.23,-0.23,0.5,-0.5,C2026.0952.csv
08/04/2026,19:26:51,LOC111,PONTO,PNT60,T,0.0,-0.27,-0.27,0.5,-0.5,C2026.0952.csv
08/04/2026,19:26:51,LOC112,PONTO,PNT9 BORDA,T,0.0,0.63,0.63,0.5,-0.5,C2026.0952.csv
08/04/2026,19:26:51,LOC113,PONTO,PNT8 BORDA,T,0.0,0.29,0.29,0.5,-0.5,C2026.0952.csv
08/04/2026,19:26:51,LOC114,PONTO,PNT7 BORDA,T,0.0,-0.21,-0.21,0.5,-0.5,C2026.0952.csv
08/04/2026,19:26:51,LOC115,PONTO,PNT6 BORDA,T,0.0,-0.64,-0.64,0.5,-0.5,C2026.0952.csv
08/04/2026,19:26:51,LOC116,PONTO,PNT5 BORDA,T,0.0,-0.33,-0.33,0.5,-0.5,C2026.0952.csv
08/04/2026,19:26:51,LOC117,PONTO,PNT4 BORDA,T,0.0,-0.34,-0.34,0.5,-0.5,C2026.0952.csv
08/04/2026,19:26:51,LOC118,PONTO,PNT3 BORDA,T,0.0,-0.56,-0.56,0.5,-0.5,C2026.0952.csv
08/04/2026,19:26:51,LOC119,PONTO,PNT21 BORDA,T,0.0,-0.19,-0.19,0.5,-0.5,C2026.0952.csv
08/04/2026,19:26:51,LOC120,PONTO,PNT20 BORDA,T,0.0,-0.39,-0.39,0.5,-0.5,C2026.0952.csv
08/04/2026,19:26:51,LOC121,PONTO,PNT2 BORDA,T,0.0,-0.83,-0.83,0.5,-0.5,C2026.0952.csv
08/04/2026,19:26:51,LOC122,PONTO,PNT19 BORDA,T,0.0,-0.07,-0.07,0.5,-0.5,C2026.0952.csv
08/04/2026,19:26:51,LOC123,PONTO,PNT18 BORDA,T,0.0,-1.0,-1.0,0.5,-0.5,C2026.0952.csv
08/04/2026,19:26:51,LOC124,PONTO,PNT17 BORDA,T,0.0,-1.67,-1.67,0.5,-0.5,C2026.0952.csv
08/04/2026,19:26:51,LOC125,PONTO,PNT16 BORDA,T,0.0,-0.5,-0.5,0.5,-0.5,C2026.0952.csv
08/04/2026,19:26:51,LOC126,PONTO,PNT15 BPRDA,T,0.0,-1.7,-1.7,0.5,-0.5,C2026.0952.csv
08/04/2026,19:26:51,LOC127,PONTO,PNT14 BORDA,T,0.0,1.2,1.2,0.5,-0.5,C2026.0952.csv
08/04/2026,19:26:51,LOC128,PONTO,PNT13 BORDA,T,0.0,-0.69,-0.69,0.5,-0.5,C2026.0952.csv
08/04/2026,19:26:51,LOC129,PONTO,PNT12 BORDA,T,0.0,-0.11,-0.11,0.5,-0.5,C2026.0952.csv
08/04/2026,19:26:51,LOC130,PONTO,PNT11 BORDA,T,0.0,-0.11,-0.11,0.5,-0.5,C2026.0952.csv
08/04/2026,19:26:51,LOC131,PONTO,PNT10 BORDA,T,0.0,0.98,0.98,0.5,-0.5,C2026.0952.csv
08/04/2026,19:26:51,LOC132,PONTO,PNT1 BORDA,T,0.0,-2.26,-2.26,0.5,-0.5,C2026.0952.csv
10/04/2026,20:15:37,LOC23,CÍRCULO,28359,Y,830.08,827.86,-2.22,0.5,-0.5,C2026.0953.csv
10/04/2026,20:15:37,LOC23,CÍRCULO,28359,Z,273.81,273.91,0.1,0.5,-0.5,C2026.0953.csv
10/04/2026,20:15:37,LOC62,CÍRCULO,28354,Y,821.91,823.61,1.7,0.5,-0.5,C2026.0953.csv
10/04/2026,20:15:37,LOC62,CÍRCULO,28354,Z,648.15,647.32,-0.83,0.5,-0.5,C2026.0953.csv
10/04/2026,20:15:37,LOC63,CÍRCULO,CÍR5,X,1575.12,1574.52,-0.6,0.5,-0.5,C2026.0953.csv
10/04/2026,20:15:37,LOC63,CÍRCULO,CÍR5,Y,778.0,777.05,-0.95,0.5,-0.5,C2026.0953.csv
10/04/2026,20:15:37,LOC63,CÍRCULO,CÍR5,Z,405.75,405.71,-0.04,0.5,-0.5,C2026.0953.csv
10/04/2026,20:15:37,LOC64,SLOT,SLTR1,X,1571.67,1571.11,-0.56,1.0,-1.0,C2026.0953.csv
10/04/2026,20:15:37,LOC64,SLOT,SLTR1,Y,778.96,777.67,-1.29,1.0,-1.0,C2026.0953.csv
10/04/2026,20:15:37,LOC64,SLOT,SLTR1,Z,361.9,361.77,-0.13,1.0,-1.0,C2026.0953.csv
10/04/2026,20:15:37,LOC65,CÍRCULO,CÍR4,X,1637.22,1635.31,-1.91,1.0,-1.0,C2026.0953.csv
10/04/2026,20:15:37,LOC65,CÍRCULO,CÍR4,Y,745.94,745.34,-0.6,1.0,-1.0,C2026.0953.csv
10/04/2026,20:15:37,LOC65,CÍRCULO,CÍR4,Z,579.71,579.73,0.01,1.0,-1.0,C2026.0953.csv
10/04/2026,20:15:37,LOC66,CÍRCULO,CÍR3,X,1622.23,1621.57,-0.65,1.0,-1.0,C2026.0953.csv
10/04/2026,20:15:37,LOC66,CÍRCULO,CÍR3,Y,750.37,749.35,-1.02,1.0,-1.0,C2026.0953.csv
10/04/2026,20:15:37,LOC66,CÍRCULO,CÍR3,Z,427.84,427.62,-0.21,1.0,-1.0,C2026.0953.csv
10/04/2026,20:15:37,LOC25,SLOT,SLTQ1,X,1607.11,1605.96,-1.15,1.0,-1.0,C2026.0953.csv
10/04/2026,20:15:37,LOC25,SLOT,SLTQ1,Y,770.84,770.5,-0.35,1.0,-1.0,C2026.0953.csv
10/04/2026,20:15:37,LOC25,SLOT,SLTQ1,Z,496.72,496.61,-0.11,1.0,-1.0,C2026.0953.csv
10/04/2026,20:15:37,DIST1,DIST,28354 → 28359,M,8.17,4.25,-3.92,0.8,-0.8,C2026.0953.csv
10/04/2026,20:15:37,DIST2,DIST,28359 → 28354,M,374.34,373.41,-0.93,0.8,-0.8,C2026.0953.csv
10/04/2026,20:15:37,LOC67,PONTO,PNT15,T,0.0,-0.07,-0.07,0.5,-0.5,C2026.0953.csv
10/04/2026,20:15:37,LOC68,PONTO,PNT16,T,0.0,-0.24,-0.24,0.5,-0.5,C2026.0953.csv
10/04/2026,20:15:37,LOC69,PONTO,PNT17,T,0.0,0.39,0.39,0.5,-0.5,C2026.0953.csv
10/04/2026,20:15:37,LOC70,PONTO,PNT18,T,0.0,0.03,0.03,0.5,-0.5,C2026.0953.csv
10/04/2026,20:15:37,LOC71,PONTO,PNT19,T,0.0,-0.09,-0.09,0.5,-0.5,C2026.0953.csv
10/04/2026,20:15:37,LOC72,PONTO,PNT20,T,0.0,0.07,0.07,0.5,-0.5,C2026.0953.csv
10/04/2026,20:15:37,LOC73,PONTO,PNT21,T,0.0,0.21,0.21,0.5,-0.5,C2026.0953.csv
10/04/2026,20:15:37,LOC74,PONTO,PNT22,T,0.0,0.49,0.49,0.5,-0.5,C2026.0953.csv
10/04/2026,20:15:37,LOC75,PONTO,PNT23,T,0.0,-0.09,-0.09,0.5,-0.5,C2026.0953.csv
10/04/2026,20:15:37,LOC76,PONTO,PNT24,T,0.0,0.04,0.04,0.5,-0.5,C2026.0953.csv
10/04/2026,20:15:37,LOC77,PONTO,PNT25,T,0.0,-0.2,-0.2,0.5,-0.5,C2026.0953.csv
10/04/2026,20:15:37,LOC78,PONTO,PNT26,T,0.0,-1.01,-1.01,0.5,-0.5,C2026.0953.csv
10/04/2026,20:15:37,LOC79,PONTO,PNT27,T,0.0,-1.04,-1.04,0.5,-0.5,C2026.0953.csv
10/04/2026,20:15:37,LOC80,PONTO,PNT28,T,0.0,-0.65,-0.65,0.5,-0.5,C2026.0953.csv
10/04/2026,20:15:37,LOC81,PONTO,PNT29,T,0.0,-0.77,-0.77,0.5,-0.5,C2026.0953.csv
10/04/2026,20:15:37,LOC82,PONTO,PNT30,T,0.0,-0.63,-0.63,0.5,-0.5,C2026.0953.csv
10/04/2026,20:15:37,LOC83,PONTO,PNT31,T,0.0,-0.86,-0.86,0.5,-0.5,C2026.0953.csv
10/04/2026,20:15:37,LOC84,PONTO,PNT32,T,0.0,0.01,0.01,0.5,-0.5,C2026.0953.csv
10/04/2026,20:15:37,LOC85,PONTO,PNT33,T,0.0,-0.02,-0.02,0.5,-0.5,C2026.0953.csv
10/04/2026,20:15:37,LOC86,PONTO,PNT34,T,0.0,-0.14,-0.14,0.5,-0.5,C2026.0953.csv
10/04/2026,20:15:37,LOC87,PONTO,PNT35,T,0.0,0.0,0.0,0.5,-0.5,C2026.0953.csv
10/04/2026,20:15:37,LOC88,PONTO,PNT36,T,0.0,-0.05,-0.05,0.5,-0.5,C2026.0953.csv
10/04/2026,20:15:37,LOC89,PONTO,PNT37,T,0.0,0.13,0.13,0.5,-0.5,C2026.0953.csv
10/04/2026,20:15:37,LOC90,PONTO,PNT38,T,0.0,0.27,0.27,0.5,-0.5,C2026.0953.csv
10/04/2026,20:15:37,LOC91,PONTO,PNT39,T,0.0,-0.02,-0.02,0.5,-0.5,C2026.0953.csv
10/04/2026,20:15:37,LOC92,PONTO,PNT40,T,0.0,0.82,0.82,0.5,-0.5,C2026.0953.csv
10/04/2026,20:15:37,LOC93,PONTO,PNT41,T,0.0,0.4,0.4,0.5,-0.5,C2026.0953.csv
10/04/2026,20:15:37,LOC94,PONTO,PNT42,T,0.0,-0.38,-0.38,0.5,-0.5,C2026.0953.csv
10/04/2026,20:15:37,LOC95,PONTO,PNT43,T,0.0,-0.11,-0.11,0.5,-0.5,C2026.0953.csv
10/04/2026,20:15:37,LOC96,PONTO,PNT44,T,0.0,1.22,1.22,0.5,-0.5,C2026.0953.csv
10/04/2026,20:15:37,LOC97,PONTO,PNT45,T,0.0,0.28,0.28,0.5,-0.5,C2026.0953.csv
10/04/2026,20:15:37,LOC98,PONTO,PNT46,T,0.0,0.22,0.22,0.5,-0.5,C2026.0953.csv
10/04/2026,20:15:37,LOC99,PONTO,PNT47,T,0.0,-0.34,-0.34,0.5,-0.5,C2026.0953.csv
10/04/2026,20:15:37,LOC100,PONTO,PNT48,T,0.0,0.15,0.15,0.5,-0.5,C2026.0953.csv
10/04/2026,20:15:37,LOC101,PONTO,PNT49,T,0.0,-0.87,-0.87,0.5,-0.5,C2026.0953.csv
10/04/2026,20:15:37,LOC102,PONTO,PNT51,T,0.0,-1.21,-1.21,0.5,-0.5,C2026.0953.csv
10/04/2026,20:15:37,LOC103,PONTO,PNT52,T,0.0,-0.72,-0.72,0.5,-0.5,C2026.0953.csv
10/04/2026,20:15:37,LOC104,PONTO,PNT53,T,0.0,-1.43,-1.43,0.5,-0.5,C2026.0953.csv
10/04/2026,20:15:37,LOC105,PONTO,PNT54,T,0.0,-1.25,-1.25,0.5,-0.5,C2026.0953.csv
10/04/2026,20:15:37,LOC106,PONTO,PNT55,T,0.0,-1.39,-1.39,0.5,-0.5,C2026.0953.csv
10/04/2026,20:15:37,LOC107,PONTO,PNT56,T,0.0,-1.25,-1.25,0.5,-0.5,C2026.0953.csv
10/04/2026,20:15:37,LOC108,PONTO,PNT57,T,0.0,-1.84,-1.84,0.5,-0.5,C2026.0953.csv
10/04/2026,20:15:37,LOC109,PONTO,PNT58,T,0.0,-0.48,-0.48,0.5,-0.5,C2026.0953.csv
10/04/2026,20:15:37,LOC110,PONTO,PNT59,T,0.0,-0.26,-0.26,0.5,-0.5,C2026.0953.csv
10/04/2026,20:15:37,LOC111,PONTO,PNT60,T,0.0,-0.3,-0.3,0.5,-0.5,C2026.0953.csv
10/04/2026,20:15:37,LOC112,PONTO,PNT9 BORDA,T,0.0,0.91,0.91,0.5,-0.5,C2026.0953.csv
10/04/2026,20:15:37,LOC113,PONTO,PNT8 BORDA,T,0.0,0.46,0.46,0.5,-0.5,C2026.0953.csv
10/04/2026,20:15:37,LOC114,PONTO,PNT7 BORDA,T,0.0,-0.16,-0.16,0.5,-0.5,C2026.0953.csv
10/04/2026,20:15:37,LOC115,PONTO,PNT6 BORDA,T,0.0,-0.65,-0.65,0.5,-0.5,C2026.0953.csv
10/04/2026,20:15:37,LOC116,PONTO,PNT5 BORDA,T,0.0,-0.36,-0.36,0.5,-0.5,C2026.0953.csv
10/04/2026,20:15:37,LOC117,PONTO,PNT4 BORDA,T,0.0,-0.42,-0.42,0.5,-0.5,C2026.0953.csv
10/04/2026,20:15:37,LOC118,PONTO,PNT3 BORDA,T,0.0,-0.75,-0.75,0.5,-0.5,C2026.0953.csv
10/04/2026,20:15:37,LOC119,PONTO,PNT21 BORDA,T,0.0,-0.17,-0.17,0.5,-0.5,C2026.0953.csv
10/04/2026,20:15:37,LOC120,PONTO,PNT20 BORDA,T,0.0,-0.29,-0.29,0.5,-0.5,C2026.0953.csv
10/04/2026,20:15:37,LOC121,PONTO,PNT2 BORDA,T,0.0,-1.1,-1.1,0.5,-0.5,C2026.0953.csv
10/04/2026,20:15:37,LOC122,PONTO,PNT19 BORDA,T,0.0,-0.08,-0.08,0.5,-0.5,C2026.0953.csv
10/04/2026,20:15:37,LOC123,PONTO,PNT18 BORDA,T,0.0,-0.82,-0.82,0.5,-0.5,C2026.0953.csv
10/04/2026,20:15:37,LOC124,PONTO,PNT17 BORDA,T,0.0,-2.01,-2.01,0.5,-0.5,C2026.0953.csv
10/04/2026,20:15:37,LOC125,PONTO,PNT16 BORDA,T,0.0,0.18,0.18,0.5,-0.5,C2026.0953.csv
10/04/2026,20:15:37,LOC126,PONTO,PNT15 BPRDA,T,0.0,-1.61,-1.61,0.5,-0.5,C2026.0953.csv
10/04/2026,20:15:37,LOC127,PONTO,PNT14 BORDA,T,0.0,1.16,1.16,0.5,-0.5,C2026.0953.csv
10/04/2026,20:15:37,LOC128,PONTO,PNT13 BORDA,T,0.0,-0.84,-0.84,0.5,-0.5,C2026.0953.csv
10/04/2026,20:15:37,LOC129,PONTO,PNT12 BORDA,T,0.0,-0.16,-0.16,0.5,-0.5,C2026.0953.csv
10/04/2026,20:15:37,LOC130,PONTO,PNT11 BORDA,T,0.0,-0.13,-0.13,0.5,-0.5,C2026.0953.csv
10/04/2026,20:15:37,LOC131,PONTO,PNT10 BORDA,T,0.0,0.92,0.92,0.5,-0.5,C2026.0953.csv
10/04/2026,20:15:37,LOC132,PONTO,PNT1 BORDA,T,0.0,-2.46,-2.46,0.5,-0.5,C2026.0953.csv
13/04/2026,22:17:09,LOC23,CÍRCULO,28359,Y,830.08,829.11,-0.97,0.5,-0.5,C2026.0954.csv
13/04/2026,22:17:09,LOC23,CÍRCULO,28359,Z,273.81,274.12,0.32,0.5,-0.5,C2026.0954.csv
13/04/2026,22:17:09,LOC62,CÍRCULO,28354,Y,821.91,822.69,0.78,0.5,-0.5,C2026.0954.csv
13/04/2026,22:17:09,LOC62,CÍRCULO,28354,Z,648.15,647.96,-0.19,0.5,-0.5,C2026.0954.csv
13/04/2026,22:17:09,LOC63,CÍRCULO,CÍR5,X,1575.12,1574.57,-0.55,0.5,-0.5,C2026.0954.csv
13/04/2026,22:17:09,LOC63,CÍRCULO,CÍR5,Y,778.0,777.18,-0.82,0.5,-0.5,C2026.0954.csv
13/04/2026,22:17:09,LOC63,CÍRCULO,CÍR5,Z,405.75,406.0,0.25,0.5,-0.5,C2026.0954.csv
13/04/2026,22:17:09,LOC64,SLOT,SLTR1,X,1571.67,1571.09,-0.58,1.0,-1.0,C2026.0954.csv
13/04/2026,22:17:09,LOC64,SLOT,SLTR1,Y,778.96,777.84,-1.12,1.0,-1.0,C2026.0954.csv
13/04/2026,22:17:09,LOC64,SLOT,SLTR1,Z,361.9,362.1,0.21,1.0,-1.0,C2026.0954.csv
13/04/2026,22:17:09,LOC65,CÍRCULO,CÍR4,X,1637.22,1636.16,-1.06,1.0,-1.0,C2026.0954.csv
13/04/2026,22:17:09,LOC65,CÍRCULO,CÍR4,Y,745.94,745.94,0.0,1.0,-1.0,C2026.0954.csv
13/04/2026,22:17:09,LOC65,CÍRCULO,CÍR4,Z,579.71,579.98,0.27,1.0,-1.0,C2026.0954.csv
13/04/2026,22:17:09,LOC66,CÍRCULO,CÍR3,X,1622.23,1621.7,-0.52,1.0,-1.0,C2026.0954.csv
13/04/2026,22:17:09,LOC66,CÍRCULO,CÍR3,Y,750.37,749.32,-1.05,1.0,-1.0,C2026.0954.csv
13/04/2026,22:17:09,LOC66,CÍRCULO,CÍR3,Z,427.84,427.75,-0.09,1.0,-1.0,C2026.0954.csv
13/04/2026,22:17:09,LOC25,SLOT,SLTQ1,X,1607.11,1606.39,-0.72,1.0,-1.0,C2026.0954.csv
13/04/2026,22:17:09,LOC25,SLOT,SLTQ1,Y,770.84,770.2,-0.64,1.0,-1.0,C2026.0954.csv
13/04/2026,22:17:09,LOC25,SLOT,SLTQ1,Z,496.72,496.82,0.1,1.0,-1.0,C2026.0954.csv
13/04/2026,22:17:09,DIST1,DIST,28354 → 28359,M,8.17,6.42,-1.75,0.8,-0.8,C2026.0954.csv
13/04/2026,22:17:09,DIST2,DIST,28359 → 28354,M,374.34,373.84,-0.51,0.8,-0.8,C2026.0954.csv
13/04/2026,22:17:09,LOC67,PONTO,PNT15,T,0.0,0.2,0.2,0.5,-0.5,C2026.0954.csv
13/04/2026,22:17:09,LOC68,PONTO,PNT16,T,0.0,0.05,0.05,0.5,-0.5,C2026.0954.csv
13/04/2026,22:17:09,LOC69,PONTO,PNT17,T,0.0,0.54,0.54,0.5,-0.5,C2026.0954.csv
13/04/2026,22:17:09,LOC70,PONTO,PNT18,T,0.0,0.41,0.41,0.5,-0.5,C2026.0954.csv
13/04/2026,22:17:09,LOC71,PONTO,PNT19,T,0.0,-0.23,-0.23,0.5,-0.5,C2026.0954.csv
13/04/2026,22:17:09,LOC72,PONTO,PNT20,T,0.0,0.19,0.19,0.5,-0.5,C2026.0954.csv
13/04/2026,22:17:09,LOC73,PONTO,PNT21,T,0.0,0.07,0.07,0.5,-0.5,C2026.0954.csv
13/04/2026,22:17:09,LOC74,PONTO,PNT22,T,0.0,0.67,0.67,0.5,-0.5,C2026.0954.csv
13/04/2026,22:17:09,LOC75,PONTO,PNT23,T,0.0,0.3,0.3,0.5,-0.5,C2026.0954.csv
13/04/2026,22:17:09,LOC76,PONTO,PNT24,T,0.0,0.1,0.1,0.5,-0.5,C2026.0954.csv
13/04/2026,22:17:09,LOC77,PONTO,PNT25,T,0.0,0.06,0.06,0.5,-0.5,C2026.0954.csv
13/04/2026,22:17:09,LOC78,PONTO,PNT26,T,0.0,0.03,0.03,0.5,-0.5,C2026.0954.csv
13/04/2026,22:17:09,LOC79,PONTO,PNT27,T,0.0,-1.08,-1.08,0.5,-0.5,C2026.0954.csv
13/04/2026,22:17:09,LOC80,PONTO,PNT28,T,0.0,-0.8,-0.8,0.5,-0.5,C2026.0954.csv
13/04/2026,22:17:09,LOC81,PONTO,PNT29,T,0.0,-0.93,-0.93,0.5,-0.5,C2026.0954.csv
13/04/2026,22:17:09,LOC82,PONTO,PNT30,T,0.0,-0.88,-0.88,0.5,-0.5,C2026.0954.csv
13/04/2026,22:17:09,LOC83,PONTO,PNT31,T,0.0,-0.85,-0.85,0.5,-0.5,C2026.0954.csv
13/04/2026,22:17:09,LOC84,PONTO,PNT32,T,0.0,0.03,0.03,0.5,-0.5,C2026.0954.csv
13/04/2026,22:17:09,LOC85,PONTO,PNT33,T,0.0,0.04,0.04,0.5,-0.5,C2026.0954.csv
13/04/2026,22:17:09,LOC86,PONTO,PNT34,T,0.0,0.05,0.05,0.5,-0.5,C2026.0954.csv
13/04/2026,22:17:09,LOC87,PONTO,PNT35,T,0.0,0.34,0.34,0.5,-0.5,C2026.0954.csv
13/04/2026,22:17:09,LOC88,PONTO,PNT36,T,0.0,0.0,0.0,0.5,-0.5,C2026.0954.csv
13/04/2026,22:17:09,LOC89,PONTO,PNT37,T,0.0,0.23,0.23,0.5,-0.5,C2026.0954.csv
13/04/2026,22:17:09,LOC90,PONTO,PNT38,T,0.0,0.36,0.36,0.5,-0.5,C2026.0954.csv
13/04/2026,22:17:09,LOC91,PONTO,PNT39,T,0.0,0.03,0.03,0.5,-0.5,C2026.0954.csv
13/04/2026,22:17:09,LOC92,PONTO,PNT40,T,0.0,0.51,0.51,0.5,-0.5,C2026.0954.csv
13/04/2026,22:17:09,LOC93,PONTO,PNT41,T,0.0,-0.05,-0.05,0.5,-0.5,C2026.0954.csv
13/04/2026,22:17:09,LOC94,PONTO,PNT42,T,0.0,-0.11,-0.11,0.5,-0.5,C2026.0954.csv
13/04/2026,22:17:09,LOC95,PONTO,PNT43,T,0.0,0.01,0.01,0.5,-0.5,C2026.0954.csv
13/04/2026,22:17:09,LOC96,PONTO,PNT44,T,0.0,1.32,1.32,0.5,-0.5,C2026.0954.csv
13/04/2026,22:17:09,LOC97,PONTO,PNT45,T,0.0,0.29,0.29,0.5,-0.5,C2026.0954.csv
13/04/2026,22:17:09,LOC98,PONTO,PNT46,T,0.0,0.28,0.28,0.5,-0.5,C2026.0954.csv
13/04/2026,22:17:09,LOC99,PONTO,PNT47,T,0.0,-0.67,-0.67,0.5,-0.5,C2026.0954.csv
13/04/2026,22:17:09,LOC100,PONTO,PNT48,T,0.0,-0.07,-0.07,0.5,-0.5,C2026.0954.csv
13/04/2026,22:17:09,LOC101,PONTO,PNT49,T,0.0,-1.0,-1.0,0.5,-0.5,C2026.0954.csv
13/04/2026,22:17:09,LOC102,PONTO,PNT51,T,0.0,-1.08,-1.08,0.5,-0.5,C2026.0954.csv
13/04/2026,22:17:09,LOC103,PONTO,PNT52,T,0.0,-0.46,-0.46,0.5,-0.5,C2026.0954.csv
13/04/2026,22:17:09,LOC104,PONTO,PNT53,T,0.0,-0.9,-0.9,0.5,-0.5,C2026.0954.csv
13/04/2026,22:17:09,LOC105,PONTO,PNT54,T,0.0,-0.63,-0.63,0.5,-0.5,C2026.0954.csv
13/04/2026,22:17:09,LOC106,PONTO,PNT55,T,0.0,-0.98,-0.98,0.5,-0.5,C2026.0954.csv
13/04/2026,22:17:09,LOC107,PONTO,PNT56,T,0.0,-0.66,-0.66,0.5,-0.5,C2026.0954.csv
13/04/2026,22:17:09,LOC108,PONTO,PNT57,T,0.0,-1.45,-1.45,0.5,-0.5,C2026.0954.csv
13/04/2026,22:17:09,LOC109,PONTO,PNT58,T,0.0,-0.08,-0.08,0.5,-0.5,C2026.0954.csv
13/04/2026,22:17:09,LOC110,PONTO,PNT59,T,0.0,0.19,0.19,0.5,-0.5,C2026.0954.csv
13/04/2026,22:17:09,LOC111,PONTO,PNT60,T,0.0,0.41,0.41,0.5,-0.5,C2026.0954.csv
13/04/2026,22:17:09,LOC112,PONTO,PNT9 BORDA,T,0.0,0.15,0.15,0.5,-0.5,C2026.0954.csv
13/04/2026,22:17:09,LOC113,PONTO,PNT8 BORDA,T,0.0,0.05,0.05,0.5,-0.5,C2026.0954.csv
13/04/2026,22:17:09,LOC114,PONTO,PNT7 BORDA,T,0.0,-0.15,-0.15,0.5,-0.5,C2026.0954.csv
13/04/2026,22:17:09,LOC115,PONTO,PNT6 BORDA,T,0.0,-0.42,-0.42,0.5,-0.5,C2026.0954.csv
13/04/2026,22:17:09,LOC116,PONTO,PNT5 BORDA,T,0.0,-0.04,-0.04,0.5,-0.5,C2026.0954.csv
13/04/2026,22:17:09,LOC117,PONTO,PNT4 BORDA,T,0.0,0.05,0.05,0.5,-0.5,C2026.0954.csv
13/04/2026,22:17:09,LOC118,PONTO,PNT3 BORDA,T,0.0,-0.06,-0.06,0.5,-0.5,C2026.0954.csv
13/04/2026,22:17:09,LOC119,PONTO,PNT21 BORDA,T,0.0,-0.24,-0.24,0.5,-0.5,C2026.0954.csv
13/04/2026,22:17:09,LOC120,PONTO,PNT20 BORDA,T,0.0,-0.76,-0.76,0.5,-0.5,C2026.0954.csv
13/04/2026,22:17:09,LOC121,PONTO,PNT2 BORDA,T,0.0,-0.27,-0.27,0.5,-0.5,C2026.0954.csv
13/04/2026,22:17:09,LOC122,PONTO,PNT19 BORDA,T,0.0,-0.45,-0.45,0.5,-0.5,C2026.0954.csv
13/04/2026,22:17:09,LOC123,PONTO,PNT18 BORDA,T,0.0,-0.37,-0.37,0.5,-0.5,C2026.0954.csv
13/04/2026,22:17:09,LOC124,PONTO,PNT17 BORDA,T,0.0,-1.62,-1.62,0.5,-0.5,C2026.0954.csv
13/04/2026,22:17:09,LOC125,PONTO,PNT16 BORDA,T,0.0,0.35,0.35,0.5,-0.5,C2026.0954.csv
13/04/2026,22:17:09,LOC126,PONTO,PNT15 BPRDA,T,0.0,-0.86,-0.86,0.5,-0.5,C2026.0954.csv
13/04/2026,22:17:09,LOC127,PONTO,PNT14 BORDA,T,0.0,0.36,0.36,0.5,-0.5,C2026.0954.csv
13/04/2026,22:17:09,LOC128,PONTO,PNT13 BORDA,T,0.0,-0.61,-0.61,0.5,-0.5,C2026.0954.csv
13/04/2026,22:17:09,LOC129,PONTO,PNT12 BORDA,T,0.0,-0.76,-0.76,0.5,-0.5,C2026.0954.csv
13/04/2026,22:17:09,LOC130,PONTO,PNT11 BORDA,T,0.0,-0.49,-0.49,0.5,-0.5,C2026.0954.csv
13/04/2026,22:17:09,LOC131,PONTO,PNT10 BORDA,T,0.0,0.68,0.68,0.5,-0.5,C2026.0954.csv
13/04/2026,22:17:09,LOC132,PONTO,PNT1 BORDA,T,0.0,-1.67,-1.67,0.5,-0.5,C2026.0954.csv
20/04/2026,19:07:26,LOC23,CÍRCULO,28359,Y,830.08,828.01,-2.07,0.5,-0.5,C2026.1024.csv
20/04/2026,19:07:26,LOC23,CÍRCULO,28359,Z,273.81,273.79,-0.02,0.5,-0.5,C2026.1024.csv
20/04/2026,19:07:26,LOC62,CÍRCULO,28354,Y,821.91,823.7,1.79,0.5,-0.5,C2026.1024.csv
20/04/2026,19:07:26,LOC62,CÍRCULO,28354,Z,648.15,647.45,-0.7,0.5,-0.5,C2026.1024.csv
20/04/2026,19:07:26,LOC63,CÍRCULO,CÍR5,X,1575.12,1574.64,-0.48,0.5,-0.5,C2026.1024.csv
20/04/2026,19:07:26,LOC63,CÍRCULO,CÍR5,Y,778.0,776.98,-1.02,0.5,-0.5,C2026.1024.csv
20/04/2026,19:07:26,LOC63,CÍRCULO,CÍR5,Z,405.75,405.61,-0.14,0.5,-0.5,C2026.1024.csv
20/04/2026,19:07:26,LOC64,SLOT,SLTR1,X,1571.67,1571.31,-0.36,1.0,-1.0,C2026.1024.csv
20/04/2026,19:07:26,LOC64,SLOT,SLTR1,Y,778.96,777.62,-1.34,1.0,-1.0,C2026.1024.csv
20/04/2026,19:07:26,LOC64,SLOT,SLTR1,Z,361.9,361.73,-0.17,1.0,-1.0,C2026.1024.csv
20/04/2026,19:07:26,LOC65,CÍRCULO,CÍR4,X,1637.22,1635.27,-1.95,1.0,-1.0,C2026.1024.csv
20/04/2026,19:07:26,LOC65,CÍRCULO,CÍR4,Y,745.94,745.58,-0.35,1.0,-1.0,C2026.1024.csv
20/04/2026,19:07:26,LOC65,CÍRCULO,CÍR4,Z,579.71,579.73,0.02,1.0,-1.0,C2026.1024.csv
20/04/2026,19:07:26,LOC66,CÍRCULO,CÍR3,X,1622.23,1621.47,-0.76,1.0,-1.0,C2026.1024.csv
20/04/2026,19:07:26,LOC66,CÍRCULO,CÍR3,Y,750.37,749.48,-0.89,1.0,-1.0,C2026.1024.csv
20/04/2026,19:07:26,LOC66,CÍRCULO,CÍR3,Z,427.84,427.53,-0.3,1.0,-1.0,C2026.1024.csv
20/04/2026,19:07:26,LOC25,SLOT,SLTQ1,X,1607.11,1605.85,-1.26,1.0,-1.0,C2026.1024.csv
20/04/2026,19:07:26,LOC25,SLOT,SLTQ1,Y,770.84,770.46,-0.39,1.0,-1.0,C2026.1024.csv
20/04/2026,19:07:26,LOC25,SLOT,SLTQ1,Z,496.72,496.66,-0.06,1.0,-1.0,C2026.1024.csv
20/04/2026,19:07:26,DIST1,DIST,28354 → 28359,M,8.17,4.31,-3.86,0.8,-0.8,C2026.1024.csv
20/04/2026,19:07:26,DIST2,DIST,28359 → 28354,M,374.34,373.66,-0.68,0.8,-0.8,C2026.1024.csv
20/04/2026,19:07:26,LOC67,PONTO,PNT15,T,0.0,-0.08,-0.08,0.5,-0.5,C2026.1024.csv
20/04/2026,19:07:26,LOC68,PONTO,PNT16,T,0.0,-0.11,-0.11,0.5,-0.5,C2026.1024.csv
20/04/2026,19:07:26,LOC69,PONTO,PNT17,T,0.0,0.11,0.11,0.5,-0.5,C2026.1024.csv
20/04/2026,19:07:26,LOC70,PONTO,PNT18,T,0.0,-0.17,-0.17,0.5,-0.5,C2026.1024.csv
20/04/2026,19:07:26,LOC71,PONTO,PNT19,T,0.0,-0.43,-0.43,0.5,-0.5,C2026.1024.csv
20/04/2026,19:07:26,LOC72,PONTO,PNT20,T,0.0,-0.28,-0.28,0.5,-0.5,C2026.1024.csv
20/04/2026,19:07:26,LOC73,PONTO,PNT21,T,0.0,0.06,0.06,0.5,-0.5,C2026.1024.csv
20/04/2026,19:07:26,LOC74,PONTO,PNT22,T,0.0,0.68,0.68,0.5,-0.5,C2026.1024.csv
20/04/2026,19:07:26,LOC75,PONTO,PNT23,T,0.0,-0.15,-0.15,0.5,-0.5,C2026.1024.csv
20/04/2026,19:07:26,LOC76,PONTO,PNT24,T,0.0,0.08,0.08,0.5,-0.5,C2026.1024.csv
20/04/2026,19:07:26,LOC77,PONTO,PNT25,T,0.0,-0.2,-0.2,0.5,-0.5,C2026.1024.csv
20/04/2026,19:07:26,LOC78,PONTO,PNT26,T,0.0,-0.82,-0.82,0.5,-0.5,C2026.1024.csv
20/04/2026,19:07:26,LOC79,PONTO,PNT27,T,0.0,-1.05,-1.05,0.5,-0.5,C2026.1024.csv
20/04/2026,19:07:26,LOC80,PONTO,PNT28,T,0.0,-0.96,-0.96,0.5,-0.5,C2026.1024.csv
20/04/2026,19:07:26,LOC81,PONTO,PNT29,T,0.0,-0.74,-0.74,0.5,-0.5,C2026.1024.csv
20/04/2026,19:07:26,LOC82,PONTO,PNT30,T,0.0,-0.36,-0.36,0.5,-0.5,C2026.1024.csv
20/04/2026,19:07:26,LOC83,PONTO,PNT31,T,0.0,-0.98,-0.98,0.5,-0.5,C2026.1024.csv
20/04/2026,19:07:26,LOC84,PONTO,PNT32,T,0.0,-0.16,-0.16,0.5,-0.5,C2026.1024.csv
20/04/2026,19:07:26,LOC85,PONTO,PNT33,T,0.0,-0.19,-0.19,0.5,-0.5,C2026.1024.csv
20/04/2026,19:07:26,LOC86,PONTO,PNT34,T,0.0,-0.1,-0.1,0.5,-0.5,C2026.1024.csv
20/04/2026,19:07:26,LOC87,PONTO,PNT35,T,0.0,0.13,0.13,0.5,-0.5,C2026.1024.csv
20/04/2026,19:07:26,LOC88,PONTO,PNT36,T,0.0,0.02,0.02,0.5,-0.5,C2026.1024.csv
20/04/2026,19:07:26,LOC89,PONTO,PNT37,T,0.0,-0.03,-0.03,0.5,-0.5,C2026.1024.csv
20/04/2026,19:07:26,LOC90,PONTO,PNT38,T,0.0,0.23,0.23,0.5,-0.5,C2026.1024.csv
20/04/2026,19:07:26,LOC91,PONTO,PNT39,T,0.0,-0.13,-0.13,0.5,-0.5,C2026.1024.csv
20/04/2026,19:07:26,LOC92,PONTO,PNT40,T,0.0,0.84,0.84,0.5,-0.5,C2026.1024.csv
20/04/2026,19:07:26,LOC93,PONTO,PNT41,T,0.0,0.4,0.4,0.5,-0.5,C2026.1024.csv
20/04/2026,19:07:26,LOC94,PONTO,PNT42,T,0.0,-0.02,-0.02,0.5,-0.5,C2026.1024.csv
20/04/2026,19:07:26,LOC95,PONTO,PNT43,T,0.0,0.29,0.29,0.5,-0.5,C2026.1024.csv
20/04/2026,19:07:26,LOC96,PONTO,PNT44,T,0.0,1.76,1.76,0.5,-0.5,C2026.1024.csv
20/04/2026,19:07:26,LOC97,PONTO,PNT45,T,0.0,0.34,0.34,0.5,-0.5,C2026.1024.csv
20/04/2026,19:07:26,LOC98,PONTO,PNT46,T,0.0,0.3,0.3,0.5,-0.5,C2026.1024.csv
20/04/2026,19:07:26,LOC99,PONTO,PNT47,T,0.0,-0.03,-0.03,0.5,-0.5,C2026.1024.csv
20/04/2026,19:07:26,LOC100,PONTO,PNT48,T,0.0,0.39,0.39,0.5,-0.5,C2026.1024.csv
20/04/2026,19:07:26,LOC101,PONTO,PNT49,T,0.0,-0.6,-0.6,0.5,-0.5,C2026.1024.csv
20/04/2026,19:07:26,LOC102,PONTO,PNT51,T,0.0,-1.05,-1.05,0.5,-0.5,C2026.1024.csv
20/04/2026,19:07:26,LOC103,PONTO,PNT52,T,0.0,-0.58,-0.58,0.5,-0.5,C2026.1024.csv
20/04/2026,19:07:26,LOC104,PONTO,PNT53,T,0.0,-1.35,-1.35,0.5,-0.5,C2026.1024.csv
20/04/2026,19:07:26,LOC105,PONTO,PNT54,T,0.0,-1.21,-1.21,0.5,-0.5,C2026.1024.csv
20/04/2026,19:07:26,LOC106,PONTO,PNT55,T,0.0,-1.28,-1.28,0.5,-0.5,C2026.1024.csv
20/04/2026,19:07:26,LOC107,PONTO,PNT56,T,0.0,-1.32,-1.32,0.5,-0.5,C2026.1024.csv
20/04/2026,19:07:26,LOC108,PONTO,PNT57,T,0.0,-1.82,-1.82,0.5,-0.5,C2026.1024.csv
20/04/2026,19:07:26,LOC109,PONTO,PNT58,T,0.0,-0.01,-0.01,0.5,-0.5,C2026.1024.csv
20/04/2026,19:07:26,LOC110,PONTO,PNT59,T,0.0,-0.29,-0.29,0.5,-0.5,C2026.1024.csv
20/04/2026,19:07:26,LOC111,PONTO,PNT60,T,0.0,-0.29,-0.29,0.5,-0.5,C2026.1024.csv
20/04/2026,19:07:26,LOC112,PONTO,PNT9 BORDA,T,0.0,0.82,0.82,0.5,-0.5,C2026.1024.csv
20/04/2026,19:07:26,LOC113,PONTO,PNT8 BORDA,T,0.0,0.54,0.54,0.5,-0.5,C2026.1024.csv
20/04/2026,19:07:26,LOC114,PONTO,PNT7 BORDA,T,0.0,-0.33,-0.33,0.5,-0.5,C2026.1024.csv
20/04/2026,19:07:26,LOC115,PONTO,PNT6 BORDA,T,0.0,-0.69,-0.69,0.5,-0.5,C2026.1024.csv
20/04/2026,19:07:26,LOC116,PONTO,PNT5 BORDA,T,0.0,-0.49,-0.49,0.5,-0.5,C2026.1024.csv
20/04/2026,19:07:26,LOC117,PONTO,PNT4 BORDA,T,0.0,-0.56,-0.56,0.5,-0.5,C2026.1024.csv
20/04/2026,19:07:26,LOC118,PONTO,PNT3 BORDA,T,0.0,-0.82,-0.82,0.5,-0.5,C2026.1024.csv
20/04/2026,19:07:26,LOC119,PONTO,PNT21 BORDA,T,0.0,-0.29,-0.29,0.5,-0.5,C2026.1024.csv
20/04/2026,19:07:26,LOC120,PONTO,PNT20 BORDA,T,0.0,0.05,0.05,0.5,-0.5,C2026.1024.csv
20/04/2026,19:07:26,LOC121,PONTO,PNT2 BORDA,T,0.0,-1.25,-1.25,0.5,-0.5,C2026.1024.csv
20/04/2026,19:07:26,LOC122,PONTO,PNT19 BORDA,T,0.0,-0.02,-0.02,0.5,-0.5,C2026.1024.csv
20/04/2026,19:07:26,LOC123,PONTO,PNT18 BORDA,T,0.0,-0.76,-0.76,0.5,-0.5,C2026.1024.csv
20/04/2026,19:07:26,LOC124,PONTO,PNT17 BORDA,T,0.0,-2.14,-2.14,0.5,-0.5,C2026.1024.csv
20/04/2026,19:07:26,LOC125,PONTO,PNT16 BORDA,T,0.0,0.02,0.02,0.5,-0.5,C2026.1024.csv
20/04/2026,19:07:26,LOC126,PONTO,PNT15 BPRDA,T,0.0,-1.64,-1.64,0.5,-0.5,C2026.1024.csv
20/04/2026,19:07:26,LOC127,PONTO,PNT14 BORDA,T,0.0,0.84,0.84,0.5,-0.5,C2026.1024.csv
20/04/2026,19:07:26,LOC128,PONTO,PNT13 BORDA,T,0.0,-0.73,-0.73,0.5,-0.5,C2026.1024.csv
20/04/2026,19:07:26,LOC129,PONTO,PNT12 BORDA,T,0.0,-0.16,-0.16,0.5,-0.5,C2026.1024.csv
20/04/2026,19:07:26,LOC130,PONTO,PNT11 BORDA,T,0.0,-0.15,-0.15,0.5,-0.5,C2026.1024.csv
20/04/2026,19:07:26,LOC131,PONTO,PNT10 BORDA,T,0.0,1.04,1.04,0.5,-0.5,C2026.1024.csv
20/04/2026,19:07:26,LOC132,PONTO,PNT1 BORDA,T,0.0,-2.65,-2.65,0.5,-0.5,C2026.1024.csv
22/04/2026,19:47:36,LOC23,CÍRCULO,28359,Y,830.08,828.15,-1.93,0.5,-0.5,C2026.1025.csv
22/04/2026,19:47:36,LOC23,CÍRCULO,28359,Z,273.81,274.28,0.47,0.5,-0.5,C2026.1025.csv
22/04/2026,19:47:36,LOC62,CÍRCULO,28354,Y,821.91,822.92,1.01,0.5,-0.5,C2026.1025.csv
22/04/2026,19:47:36,LOC62,CÍRCULO,28354,Z,648.15,647.85,-0.3,0.5,-0.5,C2026.1025.csv
22/04/2026,19:47:36,LOC63,CÍRCULO,CÍR5,X,1575.12,1574.62,-0.5,0.5,-0.5,C2026.1025.csv
22/04/2026,19:47:36,LOC63,CÍRCULO,CÍR5,Y,778.0,776.8,-1.2,0.5,-0.5,C2026.1025.csv
22/04/2026,19:47:36,LOC63,CÍRCULO,CÍR5,Z,405.75,405.9,0.15,0.5,-0.5,C2026.1025.csv
22/04/2026,19:47:36,LOC64,SLOT,SLTR1,X,1571.67,1571.28,-0.39,1.0,-1.0,C2026.1025.csv
22/04/2026,19:47:36,LOC64,SLOT,SLTR1,Y,778.96,777.55,-1.41,1.0,-1.0,C2026.1025.csv
22/04/2026,19:47:36,LOC64,SLOT,SLTR1,Z,361.9,362.03,0.14,1.0,-1.0,C2026.1025.csv
22/04/2026,19:47:36,LOC65,CÍRCULO,CÍR4,X,1637.22,1634.95,-2.27,1.0,-1.0,C2026.1025.csv
22/04/2026,19:47:36,LOC65,CÍRCULO,CÍR4,Y,745.94,744.92,-1.02,1.0,-1.0,C2026.1025.csv
22/04/2026,19:47:36,LOC65,CÍRCULO,CÍR4,Z,579.71,580.07,0.36,1.0,-1.0,C2026.1025.csv
22/04/2026,19:47:36,LOC66,CÍRCULO,CÍR3,X,1622.23,1621.33,-0.89,1.0,-1.0,C2026.1025.csv
22/04/2026,19:47:36,LOC66,CÍRCULO,CÍR3,Y,750.37,749.06,-1.31,1.0,-1.0,C2026.1025.csv
22/04/2026,19:47:36,LOC66,CÍRCULO,CÍR3,Z,427.84,427.76,-0.07,1.0,-1.0,C2026.1025.csv
22/04/2026,19:47:36,LOC25,SLOT,SLTQ1,X,1607.11,1605.78,-1.33,1.0,-1.0,C2026.1025.csv
22/04/2026,19:47:36,LOC25,SLOT,SLTQ1,Y,770.84,769.9,-0.94,1.0,-1.0,C2026.1025.csv
22/04/2026,19:47:36,LOC25,SLOT,SLTQ1,Z,496.72,496.97,0.25,1.0,-1.0,C2026.1025.csv
22/04/2026,19:47:36,DIST1,DIST,28354 → 28359,M,8.17,5.22,-2.94,0.8,-0.8,C2026.1025.csv
22/04/2026,19:47:36,DIST2,DIST,28359 → 28354,M,374.34,373.57,-0.77,0.8,-0.8,C2026.1025.csv
22/04/2026,19:47:36,LOC67,PONTO,PNT15,T,0.0,-0.02,-0.02,0.5,-0.5,C2026.1025.csv
22/04/2026,19:47:36,LOC68,PONTO,PNT16,T,0.0,-0.23,-0.23,0.5,-0.5,C2026.1025.csv
22/04/2026,19:47:36,LOC69,PONTO,PNT17,T,0.0,-0.01,-0.01,0.5,-0.5,C2026.1025.csv
22/04/2026,19:47:36,LOC70,PONTO,PNT18,T,0.0,-0.13,-0.13,0.5,-0.5,C2026.1025.csv
22/04/2026,19:47:36,LOC71,PONTO,PNT19,T,0.0,-0.66,-0.66,0.5,-0.5,C2026.1025.csv
22/04/2026,19:47:36,LOC72,PONTO,PNT20,T,0.0,-0.32,-0.32,0.5,-0.5,C2026.1025.csv
22/04/2026,19:47:36,LOC73,PONTO,PNT21,T,0.0,-0.05,-0.05,0.5,-0.5,C2026.1025.csv
22/04/2026,19:47:36,LOC74,PONTO,PNT22,T,0.0,0.52,0.52,0.5,-0.5,C2026.1025.csv
22/04/2026,19:47:36,LOC75,PONTO,PNT23,T,0.0,-0.87,-0.87,0.5,-0.5,C2026.1025.csv
22/04/2026,19:47:36,LOC76,PONTO,PNT24,T,0.0,-0.58,-0.58,0.5,-0.5,C2026.1025.csv
22/04/2026,19:47:36,LOC77,PONTO,PNT25,T,0.0,-0.84,-0.84,0.5,-0.5,C2026.1025.csv
22/04/2026,19:47:36,LOC78,PONTO,PNT26,T,0.0,-1.43,-1.43,0.5,-0.5,C2026.1025.csv
22/04/2026,19:47:36,LOC79,PONTO,PNT27,T,0.0,-1.69,-1.69,0.5,-0.5,C2026.1025.csv
22/04/2026,19:47:36,LOC80,PONTO,PNT28,T,0.0,-1.5,-1.5,0.5,-0.5,C2026.1025.csv
22/04/2026,19:47:36,LOC81,PONTO,PNT29,T,0.0,-1.46,-1.46,0.5,-0.5,C2026.1025.csv
22/04/2026,19:47:36,LOC82,PONTO,PNT30,T,0.0,-0.98,-0.98,0.5,-0.5,C2026.1025.csv
22/04/2026,19:47:36,LOC83,PONTO,PNT31,T,0.0,-1.29,-1.29,0.5,-0.5,C2026.1025.csv
22/04/2026,19:47:36,LOC84,PONTO,PNT32,T,0.0,-0.42,-0.42,0.5,-0.5,C2026.1025.csv
22/04/2026,19:47:36,LOC85,PONTO,PNT33,T,0.0,-0.4,-0.4,0.5,-0.5,C2026.1025.csv
22/04/2026,19:47:36,LOC86,PONTO,PNT34,T,0.0,-0.17,-0.17,0.5,-0.5,C2026.1025.csv
22/04/2026,19:47:36,LOC87,PONTO,PNT35,T,0.0,0.25,0.25,0.5,-0.5,C2026.1025.csv
22/04/2026,19:47:36,LOC88,PONTO,PNT36,T,0.0,0.04,0.04,0.5,-0.5,C2026.1025.csv
22/04/2026,19:47:36,LOC89,PONTO,PNT37,T,0.0,0.1,0.1,0.5,-0.5,C2026.1025.csv
22/04/2026,19:47:36,LOC90,PONTO,PNT38,T,0.0,0.28,0.28,0.5,-0.5,C2026.1025.csv
22/04/2026,19:47:36,LOC91,PONTO,PNT39,T,0.0,-0.38,-0.38,0.5,-0.5,C2026.1025.csv
22/04/2026,19:47:36,LOC92,PONTO,PNT40,T,0.0,0.8,0.8,0.5,-0.5,C2026.1025.csv
22/04/2026,19:47:36,LOC93,PONTO,PNT41,T,0.0,-0.01,-0.01,0.5,-0.5,C2026.1025.csv
22/04/2026,19:47:36,LOC94,PONTO,PNT42,T,0.0,0.12,0.12,0.5,-0.5,C2026.1025.csv
22/04/2026,19:47:36,LOC95,PONTO,PNT43,T,0.0,0.31,0.31,0.5,-0.5,C2026.1025.csv
22/04/2026,19:47:36,LOC96,PONTO,PNT44,T,0.0,1.84,1.84,0.5,-0.5,C2026.1025.csv
22/04/2026,19:47:36,LOC97,PONTO,PNT45,T,0.0,0.38,0.38,0.5,-0.5,C2026.1025.csv
22/04/2026,19:47:36,LOC98,PONTO,PNT46,T,0.0,0.28,0.28,0.5,-0.5,C2026.1025.csv
22/04/2026,19:47:36,LOC99,PONTO,PNT47,T,0.0,-0.07,-0.07,0.5,-0.5,C2026.1025.csv
22/04/2026,19:47:36,LOC100,PONTO,PNT48,T,0.0,0.3,0.3,0.5,-0.5,C2026.1025.csv
22/04/2026,19:47:36,LOC101,PONTO,PNT49,T,0.0,-0.71,-0.71,0.5,-0.5,C2026.1025.csv
22/04/2026,19:47:36,LOC102,PONTO,PNT51,T,0.0,-1.22,-1.22,0.5,-0.5,C2026.1025.csv
22/04/2026,19:47:36,LOC103,PONTO,PNT52,T,0.0,-0.57,-0.57,0.5,-0.5,C2026.1025.csv
22/04/2026,19:47:36,LOC104,PONTO,PNT53,T,0.0,-1.2,-1.2,0.5,-0.5,C2026.1025.csv
22/04/2026,19:47:36,LOC105,PONTO,PNT54,T,0.0,-1.21,-1.21,0.5,-0.5,C2026.1025.csv
22/04/2026,19:47:36,LOC106,PONTO,PNT55,T,0.0,-1.41,-1.41,0.5,-0.5,C2026.1025.csv
22/04/2026,19:47:36,LOC107,PONTO,PNT56,T,0.0,-1.49,-1.49,0.5,-0.5,C2026.1025.csv
22/04/2026,19:47:36,LOC108,PONTO,PNT57,T,0.0,-2.21,-2.21,0.5,-0.5,C2026.1025.csv
22/04/2026,19:47:36,LOC109,PONTO,PNT58,T,0.0,0.23,0.23,0.5,-0.5,C2026.1025.csv
22/04/2026,19:47:36,LOC110,PONTO,PNT59,T,0.0,-0.21,-0.21,0.5,-0.5,C2026.1025.csv
22/04/2026,19:47:36,LOC111,PONTO,PNT60,T,0.0,0.09,0.09,0.5,-0.5,C2026.1025.csv
22/04/2026,19:47:36,LOC112,PONTO,PNT9 BORDA,T,0.0,0.63,0.63,0.5,-0.5,C2026.1025.csv
22/04/2026,19:47:36,LOC113,PONTO,PNT8 BORDA,T,0.0,0.39,0.39,0.5,-0.5,C2026.1025.csv
22/04/2026,19:47:36,LOC114,PONTO,PNT7 BORDA,T,0.0,-0.48,-0.48,0.5,-0.5,C2026.1025.csv
22/04/2026,19:47:36,LOC115,PONTO,PNT6 BORDA,T,0.0,-0.81,-0.81,0.5,-0.5,C2026.1025.csv
22/04/2026,19:47:36,LOC116,PONTO,PNT5 BORDA,T,0.0,-0.54,-0.54,0.5,-0.5,C2026.1025.csv
22/04/2026,19:47:36,LOC117,PONTO,PNT4 BORDA,T,0.0,-0.71,-0.71,0.5,-0.5,C2026.1025.csv
22/04/2026,19:47:36,LOC118,PONTO,PNT3 BORDA,T,0.0,-1.02,-1.02,0.5,-0.5,C2026.1025.csv
22/04/2026,19:47:36,LOC119,PONTO,PNT21 BORDA,T,0.0,-0.29,-0.29,0.5,-0.5,C2026.1025.csv
22/04/2026,19:47:36,LOC120,PONTO,PNT20 BORDA,T,0.0,-0.3,-0.3,0.5,-0.5,C2026.1025.csv
22/04/2026,19:47:36,LOC121,PONTO,PNT2 BORDA,T,0.0,-1.58,-1.58,0.5,-0.5,C2026.1025.csv
22/04/2026,19:47:36,LOC122,PONTO,PNT19 BORDA,T,0.0,-0.43,-0.43,0.5,-0.5,C2026.1025.csv
22/04/2026,19:47:36,LOC123,PONTO,PNT18 BORDA,T,0.0,-0.17,-0.17,0.5,-0.5,C2026.1025.csv
22/04/2026,19:47:36,LOC124,PONTO,PNT17 BORDA,T,0.0,-1.47,-1.47,0.5,-0.5,C2026.1025.csv
22/04/2026,19:47:36,LOC125,PONTO,PNT16 BORDA,T,0.0,0.26,0.26,0.5,-0.5,C2026.1025.csv
22/04/2026,19:47:36,LOC126,PONTO,PNT15 BPRDA,T,0.0,-0.95,-0.95,0.5,-0.5,C2026.1025.csv
22/04/2026,19:47:36,LOC127,PONTO,PNT14 BORDA,T,0.0,0.32,0.32,0.5,-0.5,C2026.1025.csv
22/04/2026,19:47:36,LOC128,PONTO,PNT13 BORDA,T,0.0,-0.87,-0.87,0.5,-0.5,C2026.1025.csv
22/04/2026,19:47:36,LOC129,PONTO,PNT12 BORDA,T,0.0,-0.64,-0.64,0.5,-0.5,C2026.1025.csv
22/04/2026,19:47:36,LOC130,PONTO,PNT11 BORDA,T,0.0,-0.43,-0.43,0.5,-0.5,C2026.1025.csv
22/04/2026,19:47:36,LOC131,PONTO,PNT10 BORDA,T,0.0,0.78,0.78,0.5,-0.5,C2026.1025.csv
22/04/2026,19:47:36,LOC132,PONTO,PNT1 BORDA,T,0.0,-3.02,-3.02,0.5,-0.5,C2026.1025.csv
24/04/2026,20:42:59,LOC23,CÍRCULO,28359,Y,830.08,827.99,-2.08,0.5,-0.5,C2026.1026.csv
24/04/2026,20:42:59,LOC23,CÍRCULO,28359,Z,273.81,274.25,0.44,0.5,-0.5,C2026.1026.csv
24/04/2026,20:42:59,LOC62,CÍRCULO,28354,Y,821.91,822.96,1.05,0.5,-0.5,C2026.1026.csv
24/04/2026,20:42:59,LOC62,CÍRCULO,28354,Z,648.15,647.8,-0.35,0.5,-0.5,C2026.1026.csv
24/04/2026,20:42:59,LOC63,CÍRCULO,CÍR5,X,1575.12,1574.68,-0.44,0.5,-0.5,C2026.1026.csv
24/04/2026,20:42:59,LOC63,CÍRCULO,CÍR5,Y,778.0,776.78,-1.22,0.5,-0.5,C2026.1026.csv
24/04/2026,20:42:59,LOC63,CÍRCULO,CÍR5,Z,405.75,405.89,0.14,0.5,-0.5,C2026.1026.csv
24/04/2026,20:42:59,LOC64,SLOT,SLTR1,X,1571.67,1571.33,-0.34,1.0,-1.0,C2026.1026.csv
24/04/2026,20:42:59,LOC64,SLOT,SLTR1,Y,778.96,777.52,-1.44,1.0,-1.0,C2026.1026.csv
24/04/2026,20:42:59,LOC64,SLOT,SLTR1,Z,361.9,362.01,0.12,1.0,-1.0,C2026.1026.csv
24/04/2026,20:42:59,LOC65,CÍRCULO,CÍR4,X,1637.22,1635.06,-2.16,1.0,-1.0,C2026.1026.csv
24/04/2026,20:42:59,LOC65,CÍRCULO,CÍR4,Y,745.94,745.03,-0.91,1.0,-1.0,C2026.1026.csv
24/04/2026,20:42:59,LOC65,CÍRCULO,CÍR4,Z,579.71,580.06,0.34,1.0,-1.0,C2026.1026.csv
24/04/2026,20:42:59,LOC66,CÍRCULO,CÍR3,X,1622.23,1621.42,-0.8,1.0,-1.0,C2026.1026.csv
24/04/2026,20:42:59,LOC66,CÍRCULO,CÍR3,Y,750.37,749.11,-1.26,1.0,-1.0,C2026.1026.csv
24/04/2026,20:42:59,LOC66,CÍRCULO,CÍR3,Z,427.84,427.75,-0.08,1.0,-1.0,C2026.1026.csv
24/04/2026,20:42:59,LOC25,SLOT,SLTQ1,X,1607.11,1605.86,-1.25,1.0,-1.0,C2026.1026.csv
24/04/2026,20:42:59,LOC25,SLOT,SLTQ1,Y,770.84,769.95,-0.9,1.0,-1.0,C2026.1026.csv
24/04/2026,20:42:59,LOC25,SLOT,SLTQ1,Z,496.72,496.95,0.23,1.0,-1.0,C2026.1026.csv
24/04/2026,20:42:59,DIST1,DIST,28354 → 28359,M,8.17,5.03,-3.14,0.8,-0.8,C2026.1026.csv
24/04/2026,20:42:59,DIST2,DIST,28359 → 28354,M,374.34,373.56,-0.79,0.8,-0.8,C2026.1026.csv
24/04/2026,20:42:59,LOC67,PONTO,PNT15,T,0.0,0.04,0.04,0.5,-0.5,C2026.1026.csv
24/04/2026,20:42:59,LOC68,PONTO,PNT16,T,0.0,-0.17,-0.17,0.5,-0.5,C2026.1026.csv
24/04/2026,20:42:59,LOC69,PONTO,PNT17,T,0.0,0.04,0.04,0.5,-0.5,C2026.1026.csv
24/04/2026,20:42:59,LOC70,PONTO,PNT18,T,0.0,-0.13,-0.13,0.5,-0.5,C2026.1026.csv
24/04/2026,20:42:59,LOC71,PONTO,PNT19,T,0.0,-0.62,-0.62,0.5,-0.5,C2026.1026.csv
24/04/2026,20:42:59,LOC72,PONTO,PNT20,T,0.0,-0.3,-0.3,0.5,-0.5,C2026.1026.csv
24/04/2026,20:42:59,LOC73,PONTO,PNT21,T,0.0,-0.05,-0.05,0.5,-0.5,C2026.1026.csv
24/04/2026,20:42:59,LOC74,PONTO,PNT22,T,0.0,0.51,0.51,0.5,-0.5,C2026.1026.csv
24/04/2026,20:42:59,LOC75,PONTO,PNT23,T,0.0,-0.76,-0.76,0.5,-0.5,C2026.1026.csv
24/04/2026,20:42:59,LOC76,PONTO,PNT24,T,0.0,-0.49,-0.49,0.5,-0.5,C2026.1026.csv
24/04/2026,20:42:59,LOC77,PONTO,PNT25,T,0.0,-0.74,-0.74,0.5,-0.5,C2026.1026.csv
24/04/2026,20:42:59,LOC78,PONTO,PNT26,T,0.0,-1.3,-1.3,0.5,-0.5,C2026.1026.csv
24/04/2026,20:42:59,LOC79,PONTO,PNT27,T,0.0,-1.63,-1.63,0.5,-0.5,C2026.1026.csv
24/04/2026,20:42:59,LOC80,PONTO,PNT28,T,0.0,-1.45,-1.45,0.5,-0.5,C2026.1026.csv
24/04/2026,20:42:59,LOC81,PONTO,PNT29,T,0.0,-1.38,-1.38,0.5,-0.5,C2026.1026.csv
24/04/2026,20:42:59,LOC82,PONTO,PNT30,T,0.0,-0.92,-0.92,0.5,-0.5,C2026.1026.csv
24/04/2026,20:42:59,LOC83,PONTO,PNT31,T,0.0,-1.28,-1.28,0.5,-0.5,C2026.1026.csv
24/04/2026,20:42:59,LOC84,PONTO,PNT32,T,0.0,-0.42,-0.42,0.5,-0.5,C2026.1026.csv
24/04/2026,20:42:59,LOC85,PONTO,PNT33,T,0.0,-0.4,-0.4,0.5,-0.5,C2026.1026.csv
24/04/2026,20:42:59,LOC86,PONTO,PNT34,T,0.0,-0.2,-0.2,0.5,-0.5,C2026.1026.csv
24/04/2026,20:42:59,LOC87,PONTO,PNT35,T,0.0,0.19,0.19,0.5,-0.5,C2026.1026.csv
24/04/2026,20:42:59,LOC88,PONTO,PNT36,T,0.0,0.02,0.02,0.5,-0.5,C2026.1026.csv
24/04/2026,20:42:59,LOC89,PONTO,PNT37,T,0.0,0.07,0.07,0.5,-0.5,C2026.1026.csv
24/04/2026,20:42:59,LOC90,PONTO,PNT38,T,0.0,0.27,0.27,0.5,-0.5,C2026.1026.csv
24/04/2026,20:42:59,LOC91,PONTO,PNT39,T,0.0,-0.36,-0.36,0.5,-0.5,C2026.1026.csv
24/04/2026,20:42:59,LOC92,PONTO,PNT40,T,0.0,0.77,0.77,0.5,-0.5,C2026.1026.csv
24/04/2026,20:42:59,LOC93,PONTO,PNT41,T,0.0,0.0,0.0,0.5,-0.5,C2026.1026.csv
24/04/2026,20:42:59,LOC94,PONTO,PNT42,T,0.0,0.16,0.16,0.5,-0.5,C2026.1026.csv
24/04/2026,20:42:59,LOC95,PONTO,PNT43,T,0.0,0.32,0.32,0.5,-0.5,C2026.1026.csv
24/04/2026,20:42:59,LOC96,PONTO,PNT44,T,0.0,1.87,1.87,0.5,-0.5,C2026.1026.csv
24/04/2026,20:42:59,LOC97,PONTO,PNT45,T,0.0,0.39,0.39,0.5,-0.5,C2026.1026.csv
24/04/2026,20:42:59,LOC98,PONTO,PNT46,T,0.0,0.28,0.28,0.5,-0.5,C2026.1026.csv
24/04/2026,20:42:59,LOC99,PONTO,PNT47,T,0.0,-0.07,-0.07,0.5,-0.5,C2026.1026.csv
24/04/2026,20:42:59,LOC100,PONTO,PNT48,T,0.0,0.31,0.31,0.5,-0.5,C2026.1026.csv
24/04/2026,20:42:59,LOC101,PONTO,PNT49,T,0.0,-0.66,-0.66,0.5,-0.5,C2026.1026.csv
24/04/2026,20:42:59,LOC102,PONTO,PNT51,T,0.0,-1.15,-1.15,0.5,-0.5,C2026.1026.csv
24/04/2026,20:42:59,LOC103,PONTO,PNT52,T,0.0,-0.52,-0.52,0.5,-0.5,C2026.1026.csv
24/04/2026,20:42:59,LOC104,PONTO,PNT53,T,0.0,-1.17,-1.17,0.5,-0.5,C2026.1026.csv
24/04/2026,20:42:59,LOC105,PONTO,PNT54,T,0.0,-1.16,-1.16,0.5,-0.5,C2026.1026.csv
24/04/2026,20:42:59,LOC106,PONTO,PNT55,T,0.0,-1.33,-1.33,0.5,-0.5,C2026.1026.csv
24/04/2026,20:42:59,LOC107,PONTO,PNT56,T,0.0,-1.4,-1.4,0.5,-0.5,C2026.1026.csv
24/04/2026,20:42:59,LOC108,PONTO,PNT57,T,0.0,-2.11,-2.11,0.5,-0.5,C2026.1026.csv
24/04/2026,20:42:59,LOC109,PONTO,PNT58,T,0.0,0.24,0.24,0.5,-0.5,C2026.1026.csv
24/04/2026,20:42:59,LOC110,PONTO,PNT59,T,0.0,-0.21,-0.21,0.5,-0.5,C2026.1026.csv
24/04/2026,20:42:59,LOC111,PONTO,PNT60,T,0.0,0.08,0.08,0.5,-0.5,C2026.1026.csv
24/04/2026,20:42:59,LOC112,PONTO,PNT9 BORDA,T,0.0,0.68,0.68,0.5,-0.5,C2026.1026.csv
24/04/2026,20:42:59,LOC113,PONTO,PNT8 BORDA,T,0.0,0.46,0.46,0.5,-0.5,C2026.1026.csv
24/04/2026,20:42:59,LOC114,PONTO,PNT7 BORDA,T,0.0,-0.4,-0.4,0.5,-0.5,C2026.1026.csv
24/04/2026,20:42:59,LOC115,PONTO,PNT6 BORDA,T,0.0,-0.73,-0.73,0.5,-0.5,C2026.1026.csv
24/04/2026,20:42:59,LOC116,PONTO,PNT5 BORDA,T,0.0,-0.47,-0.47,0.5,-0.5,C2026.1026.csv
24/04/2026,20:42:59,LOC117,PONTO,PNT4 BORDA,T,0.0,-0.62,-0.62,0.5,-0.5,C2026.1026.csv
24/04/2026,20:42:59,LOC118,PONTO,PNT3 BORDA,T,0.0,-0.92,-0.92,0.5,-0.5,C2026.1026.csv
24/04/2026,20:42:59,LOC119,PONTO,PNT21 BORDA,T,0.0,-0.39,-0.39,0.5,-0.5,C2026.1026.csv
24/04/2026,20:42:59,LOC120,PONTO,PNT20 BORDA,T,0.0,-0.3,-0.3,0.5,-0.5,C2026.1026.csv
24/04/2026,20:42:59,LOC121,PONTO,PNT2 BORDA,T,0.0,-1.45,-1.45,0.5,-0.5,C2026.1026.csv
24/04/2026,20:42:59,LOC122,PONTO,PNT19 BORDA,T,0.0,-0.39,-0.39,0.5,-0.5,C2026.1026.csv
24/04/2026,20:42:59,LOC123,PONTO,PNT18 BORDA,T,0.0,-0.22,-0.22,0.5,-0.5,C2026.1026.csv
24/04/2026,20:42:59,LOC124,PONTO,PNT17 BORDA,T,0.0,-1.52,-1.52,0.5,-0.5,C2026.1026.csv
24/04/2026,20:42:59,LOC125,PONTO,PNT16 BORDA,T,0.0,0.22,0.22,0.5,-0.5,C2026.1026.csv
24/04/2026,20:42:59,LOC126,PONTO,PNT15 BPRDA,T,0.0,-1.01,-1.01,0.5,-0.5,C2026.1026.csv
24/04/2026,20:42:59,LOC127,PONTO,PNT14 BORDA,T,0.0,0.32,0.32,0.5,-0.5,C2026.1026.csv
24/04/2026,20:42:59,LOC128,PONTO,PNT13 BORDA,T,0.0,-0.92,-0.92,0.5,-0.5,C2026.1026.csv
24/04/2026,20:42:59,LOC129,PONTO,PNT12 BORDA,T,0.0,-0.6,-0.6,0.5,-0.5,C2026.1026.csv
24/04/2026,20:42:59,LOC130,PONTO,PNT11 BORDA,T,0.0,-0.43,-0.43,0.5,-0.5,C2026.1026.csv
24/04/2026,20:42:59,LOC131,PONTO,PNT10 BORDA,T,0.0,0.78,0.78,0.5,-0.5,C2026.1026.csv
24/04/2026,20:42:59,LOC132,PONTO,PNT1 BORDA,T,0.0,-2.9,-2.9,0.5,-0.5,C2026.1026.csv
27/04/2026,18:26:13,LOC23,CÍRCULO,28359,Y,830.08,828.18,-1.9,0.5,-0.5,C2026.1143.csv
27/04/2026,18:26:13,LOC23,CÍRCULO,28359,Z,273.81,274.22,0.41,0.5,-0.5,C2026.1143.csv
27/04/2026,18:26:13,LOC62,CÍRCULO,28354,Y,821.91,822.96,1.5,0.5,-0.5,C2026.1143.csv
27/04/2026,18:26:13,LOC62,CÍRCULO,28354,Z,648.15,647.85,-0.3,0.5,-0.5,C2026.1143.csv
27/04/2026,18:26:13,LOC63,CÍRCULO,CÍR5,X,1575.12,1574.6,-0.52,0.5,-0.5,C2026.1143.csv
27/04/2026,18:26:13,LOC63,CÍRCULO,CÍR5,Y,778.0,776.9,-1.1,0.5,-0.5,C2026.1143.csv
27/04/2026,18:26:13,LOC63,CÍRCULO,CÍR5,Z,405.75,405.92,0.17,0.5,-0.5,C2026.1143.csv
27/04/2026,18:26:13,LOC64,SLOT,SLTR1,X,1571.67,1571.31,-0.36,1.0,-1.0,C2026.1143.csv
27/04/2026,18:26:13,LOC64,SLOT,SLTR1,Y,778.96,777.59,-1.37,1.0,-1.0,C2026.1143.csv
27/04/2026,18:26:13,LOC64,SLOT,SLTR1,Z,361.9,362.05,0.16,1.0,-1.0,C2026.1143.csv
27/04/2026,18:26:13,LOC65,CÍRCULO,CÍR4,X,1637.22,1635.05,-2.17,1.0,-1.0,C2026.1143.csv
27/04/2026,18:26:13,LOC65,CÍRCULO,CÍR4,Y,745.94,744.9,-1.04,1.0,-1.0,C2026.1143.csv
27/04/2026,18:26:13,LOC65,CÍRCULO,CÍR4,Z,579.71,580.02,0.31,1.0,-1.0,C2026.1143.csv
27/04/2026,18:26:13,LOC66,CÍRCULO,CÍR3,X,1622.23,1621.42,-0.8,1.0,-1.0,C2026.1143.csv
27/04/2026,18:26:13,LOC66,CÍRCULO,CÍR3,Y,750.37,749.36,-1.01,1.0,-1.0,C2026.1143.csv
27/04/2026,18:26:13,LOC66,CÍRCULO,CÍR3,Z,427.84,427.78,-0.05,1.0,-1.0,C2026.1143.csv
27/04/2026,18:26:13,LOC25,SLOT,SLTQ1,X,1607.11,1606.08,-1.03,1.0,-1.0,C2026.1143.csv
27/04/2026,18:26:13,LOC25,SLOT,SLTQ1,Y,770.84,769.93,-0.91,1.0,-1.0,C2026.1143.csv
27/04/2026,18:26:13,LOC25,SLOT,SLTQ1,Z,496.72,496.87,0.15,1.0,-1.0,C2026.1143.csv
27/04/2026,18:26:13,DIST1,DIST,28354 → 28359,M,8.17,4.77,-3.4,0.8,-0.8,C2026.1143.csv
27/04/2026,18:26:13,DIST2,DIST,28359 → 28354,M,374.34,373.63,-0.71,0.8,-0.8,C2026.1143.csv
27/04/2026,18:26:13,LOC67,PONTO,PNT15,T,0.0,-0.03,-0.03,0.5,-0.5,C2026.1143.csv
27/04/2026,18:26:13,LOC68,PONTO,PNT16,T,0.0,-0.25,-0.25,0.5,-0.5,C2026.1143.csv
27/04/2026,18:26:13,LOC69,PONTO,PNT17,T,0.0,-0.01,-0.01,0.5,-0.5,C2026.1143.csv
27/04/2026,18:26:13,LOC70,PONTO,PNT18,T,0.0,-0.15,-0.15,0.5,-0.5,C2026.1143.csv
27/04/2026,18:26:13,LOC71,PONTO,PNT19,T,0.0,-0.56,-0.56,0.5,-0.5,C2026.1143.csv
27/04/2026,18:26:13,LOC72,PONTO,PNT20,T,0.0,-0.32,-0.32,0.5,-0.5,C2026.1143.csv
27/04/2026,18:26:13,LOC73,PONTO,PNT21,T,0.0,-0.05,-0.05,0.5,-0.5,C2026.1143.csv
27/04/2026,18:26:13,LOC74,PONTO,PNT22,T,0.0,0.52,0.52,0.5,-0.5,C2026.1143.csv
27/04/2026,18:26:13,LOC75,PONTO,PNT23,T,0.0,-0.78,-0.78,0.5,-0.5,C2026.1143.csv
27/04/2026,18:26:13,LOC76,PONTO,PNT24,T,0.0,-0.58,-0.58,0.5,-0.5,C2026.1143.csv
27/04/2026,18:26:13,LOC77,PONTO,PNT25,T,0.0,-0.84,-0.84,0.5,-0.5,C2026.1143.csv
27/04/2026,18:26:13,LOC78,PONTO,PNT26,T,0.0,-1.33,-1.33,0.5,-0.5,C2026.1143.csv
27/04/2026,18:26:13,LOC79,PONTO,PNT27,T,0.0,-1.39,-1.39,0.5,-0.5,C2026.1143.csv
27/04/2026,18:26:13,LOC80,PONTO,PNT28,T,0.0,-1.3,-1.3,0.5,-0.5,C2026.1143.csv
27/04/2026,18:26:13,LOC81,PONTO,PNT29,T,0.0,-1.46,-1.46,0.5,-0.5,C2026.1143.csv
27/04/2026,18:26:13,LOC82,PONTO,PNT30,T,0.0,-0.88,-0.88,0.5,-0.5,C2026.1143.csv
27/04/2026,18:26:13,LOC83,PONTO,PNT31,T,0.0,-1.09,-1.09,0.5,-0.5,C2026.1143.csv
27/04/2026,18:26:13,LOC84,PONTO,PNT32,T,0.0,-0.32,-0.32,0.5,-0.5,C2026.1143.csv
27/04/2026,18:26:13,LOC85,PONTO,PNT33,T,0.0,-0.4,-0.4,0.5,-0.5,C2026.1143.csv
27/04/2026,18:26:13,LOC86,PONTO,PNT34,T,0.0,-0.07,-0.07,0.5,-0.5,C2026.1143.csv
27/04/2026,18:26:13,LOC87,PONTO,PNT35,T,0.0,0.25,0.25,0.5,-0.5,C2026.1143.csv
27/04/2026,18:26:13,LOC88,PONTO,PNT36,T,0.0,0.14,0.14,0.5,-0.5,C2026.1143.csv
27/04/2026,18:26:13,LOC89,PONTO,PNT37,T,0.0,0.1,0.1,0.5,-0.5,C2026.1143.csv
27/04/2026,18:26:13,LOC90,PONTO,PNT38,T,0.0,0.28,0.28,0.5,-0.5,C2026.1143.csv
27/04/2026,18:26:13,LOC91,PONTO,PNT39,T,0.0,-0.28,-0.28,0.5,-0.5,C2026.1143.csv
27/04/2026,18:26:13,LOC92,PONTO,PNT40,T,0.0,0.72,0.72,0.5,-0.5,C2026.1143.csv
27/04/2026,18:26:13,LOC93,PONTO,PNT41,T,0.0,-0.01,-0.01,0.5,-0.5,C2026.1143.csv
27/04/2026,18:26:13,LOC94,PONTO,PNT42,T,0.0,0.12,0.12,0.5,-0.5,C2026.1143.csv
27/04/2026,18:26:13,LOC95,PONTO,PNT43,T,0.0,0.31,0.31,0.5,-0.5,C2026.1143.csv
27/04/2026,18:26:13,LOC96,PONTO,PNT44,T,0.0,1.54,1.54,0.5,-0.5,C2026.1143.csv
27/04/2026,18:26:13,LOC97,PONTO,PNT45,T,0.0,0.38,0.38,0.5,-0.5,C2026.1143.csv
27/04/2026,18:26:13,LOC98,PONTO,PNT46,T,0.0,0.28,0.28,0.5,-0.5,C2026.1143.csv
27/04/2026,18:26:13,LOC99,PONTO,PNT47,T,0.0,-0.09,-0.09,0.5,-0.5,C2026.1143.csv
27/04/2026,18:26:13,LOC100,PONTO,PNT48,T,0.0,0.2,0.2,0.5,-0.5,C2026.1143.csv
27/04/2026,18:26:13,LOC101,PONTO,PNT49,T,0.0,-0.61,-0.61,0.5,-0.5,C2026.1143.csv
27/04/2026,18:26:13,LOC102,PONTO,PNT51,T,0.0,-1.02,-1.02,0.5,-0.5,C2026.1143.csv
27/04/2026,18:26:13,LOC103,PONTO,PNT52,T,0.0,-0.51,-0.51,0.5,-0.5,C2026.1143.csv
27/04/2026,18:26:13,LOC104,PONTO,PNT53,T,0.0,-1.1,-1.1,0.5,-0.5,C2026.1143.csv
27/04/2026,18:26:13,LOC105,PONTO,PNT54,T,0.0,-1.01,-1.01,0.5,-0.5,C2026.1143.csv
27/04/2026,18:26:13,LOC106,PONTO,PNT55,T,0.0,-1.21,-1.21,0.5,-0.5,C2026.1143.csv
27/04/2026,18:26:13,LOC107,PONTO,PNT56,T,0.0,-1.29,-1.29,0.5,-0.5,C2026.1143.csv
27/04/2026,18:26:13,LOC108,PONTO,PNT57,T,0.0,-2.01,-2.01,0.5,-0.5,C2026.1143.csv
27/04/2026,18:26:13,LOC109,PONTO,PNT58,T,0.0,0.03,0.03,0.5,-0.5,C2026.1143.csv
27/04/2026,18:26:13,LOC110,PONTO,PNT59,T,0.0,-0.01,-0.01,0.5,-0.5,C2026.1143.csv
27/04/2026,18:26:13,LOC111,PONTO,PNT60,T,0.0,0.09,0.09,0.5,-0.5,C2026.1143.csv
27/04/2026,18:26:13,LOC112,PONTO,PNT9 BORDA,T,0.0,0.53,0.53,0.5,-0.5,C2026.1143.csv
27/04/2026,18:26:13,LOC113,PONTO,PNT8 BORDA,T,0.0,0.39,0.39,0.5,-0.5,C2026.1143.csv
27/04/2026,18:26:13,LOC114,PONTO,PNT7 BORDA,T,0.0,-0.48,-0.48,0.5,-0.5,C2026.1143.csv
27/04/2026,18:26:13,LOC115,PONTO,PNT6 BORDA,T,0.0,-0.51,-0.51,0.5,-0.5,C2026.1143.csv
27/04/2026,18:26:13,LOC116,PONTO,PNT5 BORDA,T,0.0,-0.54,-0.54,0.5,-0.5,C2026.1143.csv
27/04/2026,18:26:13,LOC117,PONTO,PNT4 BORDA,T,0.0,-0.51,-0.51,0.5,-0.5,C2026.1143.csv
27/04/2026,18:26:13,LOC118,PONTO,PNT3 BORDA,T,0.0,-1.02,-1.02,0.5,-0.5,C2026.1143.csv
27/04/2026,18:26:13,LOC119,PONTO,PNT21 BORDA,T,0.0,-0.29,-0.29,0.5,-0.5,C2026.1143.csv
27/04/2026,18:26:13,LOC120,PONTO,PNT20 BORDA,T,0.0,-0.3,-0.3,0.5,-0.5,C2026.1143.csv
27/04/2026,18:26:13,LOC121,PONTO,PNT2 BORDA,T,0.0,-1.48,-1.48,0.5,-0.5,C2026.1143.csv
27/04/2026,18:26:13,LOC122,PONTO,PNT19 BORDA,T,0.0,-0.33,-0.33,0.5,-0.5,C2026.1143.csv
27/04/2026,18:26:13,LOC123,PONTO,PNT18 BORDA,T,0.0,-0.17,-0.17,0.5,-0.5,C2026.1143.csv
27/04/2026,18:26:13,LOC124,PONTO,PNT17 BORDA,T,0.0,-1.27,-1.27,0.5,-0.5,C2026.1143.csv
27/04/2026,18:26:13,LOC125,PONTO,PNT16 BORDA,T,0.0,0.26,0.26,0.5,-0.5,C2026.1143.csv
27/04/2026,18:26:13,LOC126,PONTO,PNT15 BPRDA,T,0.0,-0.55,-0.55,0.5,-0.5,C2026.1143.csv
27/04/2026,18:26:13,LOC127,PONTO,PNT14 BORDA,T,0.0,0.32,0.32,0.5,-0.5,C2026.1143.csv
27/04/2026,18:26:13,LOC128,PONTO,PNT13 BORDA,T,0.0,-0.57,-0.57,0.5,-0.5,C2026.1143.csv
27/04/2026,18:26:13,LOC129,PONTO,PNT12 BORDA,T,0.0,-0.54,-0.54,0.5,-0.5,C2026.1143.csv
27/04/2026,18:26:13,LOC130,PONTO,PNT11 BORDA,T,0.0,-0.43,-0.43,0.5,-0.5,C2026.1143.csv
27/04/2026,18:26:13,LOC131,PONTO,PNT10 BORDA,T,0.0,0.78,0.78,0.5,-0.5,C2026.1143.csv
27/04/2026,18:26:13,LOC132,PONTO,PNT1 BORDA,T,0.0,-3.02,-3.02,0.5,-0.5,C2026.1143.csv
29/04/2026,19:22:26,LOC23,CÍRCULO,28359,Y,830.08,828.57,-1.51,0.5,-0.5,C2026.1144.csv
29/04/2026,19:22:26,LOC23,CÍRCULO,28359,Z,273.81,273.74,-0.07,0.5,-0.5,C2026.1144.csv
29/04/2026,19:22:26,LOC62,CÍRCULO,28354,Y,821.91,823.4,1.49,0.5,-0.5,C2026.1144.csv
29/04/2026,19:22:26,LOC62,CÍRCULO,28354,Z,648.15,647.65,-0.5,0.5,-0.5,C2026.1144.csv
29/04/2026,19:22:26,LOC63,CÍRCULO,CÍR5,X,1575.12,1574.74,-0.38,0.5,-0.5,C2026.1144.csv
29/04/2026,19:22:26,LOC63,CÍRCULO,CÍR5,Y,778.0,776.93,-1.07,0.5,-0.5,C2026.1144.csv
29/04/2026,19:22:26,LOC63,CÍRCULO,CÍR5,Z,405.75,405.63,-0.12,0.5,-0.5,C2026.1144.csv
29/04/2026,19:22:26,LOC64,SLOT,SLTR1,X,1571.67,1571.41,-0.26,1.0,-1.0,C2026.1144.csv
29/04/2026,19:22:26,LOC64,SLOT,SLTR1,Y,778.96,777.92,-1.04,1.0,-1.0,C2026.1144.csv
29/04/2026,19:22:26,LOC64,SLOT,SLTR1,Z,361.9,361.78,-0.12,1.0,-1.0,C2026.1144.csv
29/04/2026,19:22:26,LOC65,CÍRCULO,CÍR4,X,1637.22,1635.57,-1.65,1.0,-1.0,C2026.1144.csv
29/04/2026,19:22:26,LOC65,CÍRCULO,CÍR4,Y,745.94,745.69,-0.24,1.0,-1.0,C2026.1144.csv
29/04/2026,19:22:26,LOC65,CÍRCULO,CÍR4,Z,579.71,579.82,0.09,1.0,-1.0,C2026.1144.csv
29/04/2026,19:22:26,LOC66,CÍRCULO,CÍR3,X,1622.23,1621.52,-0.71,1.0,-1.0,C2026.1144.csv
29/04/2026,19:22:26,LOC66,CÍRCULO,CÍR3,Y,750.37,749.56,-0.81,1.0,-1.0,C2026.1144.csv
29/04/2026,19:22:26,LOC66,CÍRCULO,CÍR3,Z,427.84,427.63,-0.2,1.0,-1.0,C2026.1144.csv
29/04/2026,19:22:26,LOC25,SLOT,SLTQ1,X,1607.11,1606.05,-1.06,1.0,-1.0,C2026.1144.csv
29/04/2026,19:22:26,LOC25,SLOT,SLTQ1,Y,770.84,770.56,-0.29,1.0,-1.0,C2026.1144.csv
29/04/2026,19:22:26,LOC25,SLOT,SLTQ1,Z,496.72,496.69,-0.03,1.0,-1.0,C2026.1144.csv
29/04/2026,19:22:26,DIST1,DIST,28354 → 28359,M,8.17,5.17,-3.0,0.8,-0.8,C2026.1144.csv
29/04/2026,19:22:26,DIST2,DIST,28359 → 28354,M,374.34,373.91,-0.43,0.8,-0.8,C2026.1144.csv
29/04/2026,19:22:26,LOC67,PONTO,PNT15,T,0.0,-0.08,-0.08,0.5,-0.5,C2026.1144.csv
29/04/2026,19:22:26,LOC68,PONTO,PNT16,T,0.0,-0.15,-0.15,0.5,-0.5,C2026.1144.csv
29/04/2026,19:22:26,LOC69,PONTO,PNT17,T,0.0,0.11,0.11,0.5,-0.5,C2026.1144.csv
29/04/2026,19:22:26,LOC70,PONTO,PNT18,T,0.0,-0.12,-0.12,0.5,-0.5,C2026.1144.csv
29/04/2026,19:22:26,LOC71,PONTO,PNT19,T,0.0,-0.41,-0.41,0.5,-0.5,C2026.1144.csv
29/04/2026,19:22:26,LOC72,PONTO,PNT20,T,0.0,-0.28,-0.28,0.5,-0.5,C2026.1144.csv
29/04/2026,19:22:26,LOC73,PONTO,PNT21,T,0.0,0.06,0.06,0.5,-0.5,C2026.1144.csv
29/04/2026,19:22:26,LOC74,PONTO,PNT22,T,0.0,0.61,0.61,0.5,-0.5,C2026.1144.csv
29/04/2026,19:22:26,LOC75,PONTO,PNT23,T,0.0,-0.18,-0.18,0.5,-0.5,C2026.1144.csv
29/04/2026,19:22:26,LOC76,PONTO,PNT24,T,0.0,0.06,0.06,0.5,-0.5,C2026.1144.csv
29/04/2026,19:22:26,LOC77,PONTO,PNT25,T,0.0,-0.23,-0.23,0.5,-0.5,C2026.1144.csv
29/04/2026,19:22:26,LOC78,PONTO,PNT26,T,0.0,-0.62,-0.62,0.5,-0.5,C2026.1144.csv
29/04/2026,19:22:26,LOC79,PONTO,PNT27,T,0.0,-0.85,-0.85,0.5,-0.5,C2026.1144.csv
29/04/2026,19:22:26,LOC80,PONTO,PNT28,T,0.0,-0.76,-0.76,0.5,-0.5,C2026.1144.csv
29/04/2026,19:22:26,LOC81,PONTO,PNT29,T,0.0,-0.54,-0.54,0.5,-0.5,C2026.1144.csv
29/04/2026,19:22:26,LOC82,PONTO,PNT30,T,0.0,-0.36,-0.36,0.5,-0.5,C2026.1144.csv
29/04/2026,19:22:26,LOC83,PONTO,PNT31,T,0.0,-0.58,-0.58,0.5,-0.5,C2026.1144.csv
29/04/2026,19:22:26,LOC84,PONTO,PNT32,T,0.0,-0.16,-0.16,0.5,-0.5,C2026.1144.csv
29/04/2026,19:22:26,LOC85,PONTO,PNT33,T,0.0,-0.19,-0.19,0.5,-0.5,C2026.1144.csv
29/04/2026,19:22:26,LOC86,PONTO,PNT34,T,0.0,-0.1,-0.1,0.5,-0.5,C2026.1144.csv
29/04/2026,19:22:26,LOC87,PONTO,PNT35,T,0.0,0.13,0.13,0.5,-0.5,C2026.1144.csv
29/04/2026,19:22:26,LOC88,PONTO,PNT36,T,0.0,0.02,0.02,0.5,-0.5,C2026.1144.csv
29/04/2026,19:22:26,LOC89,PONTO,PNT37,T,0.0,-0.03,-0.03,0.5,-0.5,C2026.1144.csv
29/04/2026,19:22:26,LOC90,PONTO,PNT38,T,0.0,0.25,0.25,0.5,-0.5,C2026.1144.csv
29/04/2026,19:22:26,LOC91,PONTO,PNT39,T,0.0,-0.16,-0.16,0.5,-0.5,C2026.1144.csv
29/04/2026,19:22:26,LOC92,PONTO,PNT40,T,0.0,0.64,0.64,0.5,-0.5,C2026.1144.csv
29/04/2026,19:22:26,LOC93,PONTO,PNT41,T,0.0,0.4,0.4,0.5,-0.5,C2026.1144.csv
29/04/2026,19:22:26,LOC94,PONTO,PNT42,T,0.0,-0.06,-0.06,0.5,-0.5,C2026.1144.csv
29/04/2026,19:22:26,LOC95,PONTO,PNT43,T,0.0,0.26,0.26,0.5,-0.5,C2026.1144.csv
29/04/2026,19:22:26,LOC96,PONTO,PNT44,T,0.0,1.46,1.46,0.5,-0.5,C2026.1144.csv
29/04/2026,19:22:26,LOC97,PONTO,PNT45,T,0.0,0.24,0.24,0.5,-0.5,C2026.1144.csv
29/04/2026,19:22:26,LOC98,PONTO,PNT46,T,0.0,0.2,0.2,0.5,-0.5,C2026.1144.csv
29/04/2026,19:22:26,LOC99,PONTO,PNT47,T,0.0,-0.03,-0.03,0.5,-0.5,C2026.1144.csv
29/04/2026,19:22:26,LOC100,PONTO,PNT48,T,0.0,0.35,0.35,0.5,-0.5,C2026.1144.csv
29/04/2026,19:22:26,LOC101,PONTO,PNT49,T,0.0,-0.61,-0.61,0.5,-0.5,C2026.1144.csv
29/04/2026,19:22:26,LOC102,PONTO,PNT51,T,0.0,-1.01,-1.01,0.5,-0.5,C2026.1144.csv
29/04/2026,19:22:26,LOC103,PONTO,PNT52,T,0.0,-0.51,-0.51,0.5,-0.5,C2026.1144.csv
29/04/2026,19:22:26,LOC104,PONTO,PNT53,T,0.0,-1.15,-1.15,0.5,-0.5,C2026.1144.csv
29/04/2026,19:22:26,LOC105,PONTO,PNT54,T,0.0,-1.11,-1.11,0.5,-0.5,C2026.1144.csv
29/04/2026,19:22:26,LOC106,PONTO,PNT55,T,0.0,-1.18,-1.18,0.5,-0.5,C2026.1144.csv
29/04/2026,19:22:26,LOC107,PONTO,PNT56,T,0.0,-1.02,-1.02,0.5,-0.5,C2026.1144.csv
29/04/2026,19:22:26,LOC108,PONTO,PNT57,T,0.0,-1.52,-1.52,0.5,-0.5,C2026.1144.csv
29/04/2026,19:22:26,LOC109,PONTO,PNT58,T,0.0,-0.01,-0.01,0.5,-0.5,C2026.1144.csv
29/04/2026,19:22:26,LOC110,PONTO,PNT59,T,0.0,-0.08,-0.08,0.5,-0.5,C2026.1144.csv
29/04/2026,19:22:26,LOC111,PONTO,PNT60,T,0.0,-0.19,-0.19,0.5,-0.5,C2026.1144.csv
29/04/2026,19:22:26,LOC112,PONTO,PNT9 BORDA,T,0.0,0.52,0.52,0.5,-0.5,C2026.1144.csv
29/04/2026,19:22:26,LOC113,PONTO,PNT8 BORDA,T,0.0,0.51,0.51,0.5,-0.5,C2026.1144.csv
29/04/2026,19:22:26,LOC114,PONTO,PNT7 BORDA,T,0.0,-0.31,-0.31,0.5,-0.5,C2026.1144.csv
29/04/2026,19:22:26,LOC115,PONTO,PNT6 BORDA,T,0.0,-0.59,-0.59,0.5,-0.5,C2026.1144.csv
29/04/2026,19:22:26,LOC116,PONTO,PNT5 BORDA,T,0.0,-0.49,-0.49,0.5,-0.5,C2026.1144.csv
29/04/2026,19:22:26,LOC117,PONTO,PNT4 BORDA,T,0.0,-0.56,-0.56,0.5,-0.5,C2026.1144.csv
29/04/2026,19:22:26,LOC118,PONTO,PNT3 BORDA,T,0.0,-0.52,-0.52,0.5,-0.5,C2026.1144.csv
29/04/2026,19:22:26,LOC119,PONTO,PNT21 BORDA,T,0.0,-0.25,-0.25,0.5,-0.5,C2026.1144.csv
29/04/2026,19:22:26,LOC120,PONTO,PNT20 BORDA,T,0.0,0.01,0.01,0.5,-0.5,C2026.1144.csv
29/04/2026,19:22:26,LOC121,PONTO,PNT2 BORDA,T,0.0,-1.05,-1.05,0.5,-0.5,C2026.1144.csv
29/04/2026,19:22:26,LOC122,PONTO,PNT19 BORDA,T,0.0,-0.02,-0.02,0.5,-0.5,C2026.1144.csv
29/04/2026,19:22:26,LOC123,PONTO,PNT18 BORDA,T,0.0,-0.56,-0.56,0.5,-0.5,C2026.1144.csv
29/04/2026,19:22:26,LOC124,PONTO,PNT17 BORDA,T,0.0,-2.04,-2.04,0.5,-0.5,C2026.1144.csv
29/04/2026,19:22:26,LOC125,PONTO,PNT16 BORDA,T,0.0,0.02,0.02,0.5,-0.5,C2026.1144.csv
29/04/2026,19:22:26,LOC126,PONTO,PNT15 BPRDA,T,0.0,-1.54,-1.54,0.5,-0.5,C2026.1144.csv
29/04/2026,19:22:26,LOC127,PONTO,PNT14 BORDA,T,0.0,0.54,0.54,0.5,-0.5,C2026.1144.csv
29/04/2026,19:22:26,LOC128,PONTO,PNT13 BORDA,T,0.0,-0.63,-0.63,0.5,-0.5,C2026.1144.csv
29/04/2026,19:22:26,LOC129,PONTO,PNT12 BORDA,T,0.0,-0.16,-0.16,0.5,-0.5,C2026.1144.csv
29/04/2026,19:22:26,LOC130,PONTO,PNT11 BORDA,T,0.0,-0.15,-0.15,0.5,-0.5,C2026.1144.csv
29/04/2026,19:22:26,LOC131,PONTO,PNT10 BORDA,T,0.0,1.01,1.01,0.5,-0.5,C2026.1144.csv
29/04/2026,19:22:26,LOC132,PONTO,PNT1 BORDA,T,0.0,-2.51,-2.51,0.5,-0.5,C2026.1144.csv
01/05/2026,20:08:13,LOC23,CÍRCULO,28359,Y,830.08,828.45,-1.63,0.5,-0.5,C2026.1145.csv
01/05/2026,20:08:13,LOC23,CÍRCULO,28359,Z,273.81,274.28,0.35,0.5,-0.5,C2026.1145.csv
01/05/2026,20:08:13,LOC62,CÍRCULO,28354,Y,821.91,822.98,1.48,0.5,-0.5,C2026.1145.csv
01/05/2026,20:08:13,LOC62,CÍRCULO,28354,Z,648.15,647.89,-0.26,0.5,-0.5,C2026.1145.csv
01/05/2026,20:08:13,LOC63,CÍRCULO,CÍR5,X,1575.12,1574.62,-0.5,0.5,-0.5,C2026.1145.csv
01/05/2026,20:08:13,LOC63,CÍRCULO,CÍR5,Y,778.0,776.97,-1.03,0.5,-0.5,C2026.1145.csv
01/05/2026,20:08:13,LOC63,CÍRCULO,CÍR5,Z,405.75,405.9,0.14,0.5,-0.5,C2026.1145.csv
01/05/2026,20:08:13,LOC64,SLOT,SLTR1,X,1571.67,1571.34,-0.33,1.0,-1.0,C2026.1145.csv
01/05/2026,20:08:13,LOC64,SLOT,SLTR1,Y,778.96,777.66,-1.3,1.0,-1.0,C2026.1145.csv
01/05/2026,20:08:13,LOC64,SLOT,SLTR1,Z,361.9,362.03,0.14,1.0,-1.0,C2026.1145.csv
01/05/2026,20:08:13,LOC65,CÍRCULO,CÍR4,X,1637.22,1635.15,-2.07,1.0,-1.0,C2026.1145.csv
01/05/2026,20:08:13,LOC65,CÍRCULO,CÍR4,Y,745.94,744.93,-1.01,1.0,-1.0,C2026.1145.csv
01/05/2026,20:08:13,LOC65,CÍRCULO,CÍR4,Z,579.71,579.92,0.21,1.0,-1.0,C2026.1145.csv
01/05/2026,20:08:13,LOC66,CÍRCULO,CÍR3,X,1622.23,1621.47,-0.75,1.0,-1.0,C2026.1145.csv
01/05/2026,20:08:13,LOC66,CÍRCULO,CÍR3,Y,750.37,749.34,-1.03,1.0,-1.0,C2026.1145.csv
01/05/2026,20:08:13,LOC66,CÍRCULO,CÍR3,Z,427.84,427.76,-0.07,1.0,-1.0,C2026.1145.csv
01/05/2026,20:08:13,LOC25,SLOT,SLTQ1,X,1607.11,1606.58,-0.53,1.0,-1.0,C2026.1145.csv
01/05/2026,20:08:13,LOC25,SLOT,SLTQ1,Y,770.84,769.95,-0.89,1.0,-1.0,C2026.1145.csv
01/05/2026,20:08:13,LOC25,SLOT,SLTQ1,Z,496.72,496.93,0.21,1.0,-1.0,C2026.1145.csv
01/05/2026,20:08:13,DIST1,DIST,28354 → 28359,M,8.17,5.06,-3.11,0.8,-0.8,C2026.1145.csv
01/05/2026,20:08:13,DIST2,DIST,28359 → 28354,M,374.34,373.63,-0.61,0.8,-0.8,C2026.1145.csv
01/05/2026,20:08:13,LOC67,PONTO,PNT15,T,0.0,-0.07,-0.07,0.5,-0.5,C2026.1145.csv
01/05/2026,20:08:13,LOC68,PONTO,PNT16,T,0.0,-0.24,-0.24,0.5,-0.5,C2026.1145.csv
01/05/2026,20:08:13,LOC69,PONTO,PNT17,T,0.0,-0.05,-0.05,0.5,-0.5,C2026.1145.csv
01/05/2026,20:08:13,LOC70,PONTO,PNT18,T,0.0,-0.12,-0.12,0.5,-0.5,C2026.1145.csv
01/05/2026,20:08:13,LOC71,PONTO,PNT19,T,0.0,-0.52,-0.52,0.5,-0.5,C2026.1145.csv
01/05/2026,20:08:13,LOC72,PONTO,PNT20,T,0.0,-0.35,-0.35,0.5,-0.5,C2026.1145.csv
01/05/2026,20:08:13,LOC73,PONTO,PNT21,T,0.0,-0.07,-0.07,0.5,-0.5,C2026.1145.csv
01/05/2026,20:08:13,LOC74,PONTO,PNT22,T,0.0,0.57,0.57,0.5,-0.5,C2026.1145.csv
01/05/2026,20:08:13,LOC75,PONTO,PNT23,T,0.0,-0.78,-0.78,0.5,-0.5,C2026.1145.csv
01/05/2026,20:08:13,LOC76,PONTO,PNT24,T,0.0,-0.58,-0.58,0.5,-0.5,C2026.1145.csv
01/05/2026,20:08:13,LOC77,PONTO,PNT25,T,0.0,-0.84,-0.84,0.5,-0.5,C2026.1145.csv
01/05/2026,20:08:13,LOC78,PONTO,PNT26,T,0.0,-1.23,-1.23,0.5,-0.5,C2026.1145.csv
01/05/2026,20:08:13,LOC79,PONTO,PNT27,T,0.0,-1.32,-1.32,0.5,-0.5,C2026.1145.csv
01/05/2026,20:08:13,LOC80,PONTO,PNT28,T,0.0,-1.3,-1.3,0.5,-0.5,C2026.1145.csv
01/05/2026,20:08:13,LOC81,PONTO,PNT29,T,0.0,-1.36,-1.36,0.5,-0.5,C2026.1145.csv
01/05/2026,20:08:13,LOC82,PONTO,PNT30,T,0.0,-0.83,-0.83,0.5,-0.5,C2026.1145.csv
01/05/2026,20:08:13,LOC83,PONTO,PNT31,T,0.0,-1.03,-1.03,0.5,-0.5,C2026.1145.csv
01/05/2026,20:08:13,LOC84,PONTO,PNT32,T,0.0,-0.32,-0.32,0.5,-0.5,C2026.1145.csv
01/05/2026,20:08:13,LOC85,PONTO,PNT33,T,0.0,-0.4,-0.4,0.5,-0.5,C2026.1145.csv
01/05/2026,20:08:13,LOC86,PONTO,PNT34,T,0.0,-0.06,-0.06,0.5,-0.5,C2026.1145.csv
01/05/2026,20:08:13,LOC87,PONTO,PNT35,T,0.0,0.26,0.26,0.5,-0.5,C2026.1145.csv
01/05/2026,20:08:13,LOC88,PONTO,PNT36,T,0.0,0.16,0.16,0.5,-0.5,C2026.1145.csv
01/05/2026,20:08:13,LOC89,PONTO,PNT37,T,0.0,0.1,0.1,0.5,-0.5,C2026.1145.csv
01/05/2026,20:08:13,LOC90,PONTO,PNT38,T,0.0,0.28,0.28,0.5,-0.5,C2026.1145.csv
01/05/2026,20:08:13,LOC91,PONTO,PNT39,T,0.0,-0.29,-0.29,0.5,-0.5,C2026.1145.csv
01/05/2026,20:08:13,LOC92,PONTO,PNT40,T,0.0,0.52,0.52,0.5,-0.5,C2026.1145.csv
01/05/2026,20:08:13,LOC93,PONTO,PNT41,T,0.0,-0.01,-0.01,0.5,-0.5,C2026.1145.csv
01/05/2026,20:08:13,LOC94,PONTO,PNT42,T,0.0,0.12,0.12,0.5,-0.5,C2026.1145.csv
01/05/2026,20:08:13,LOC95,PONTO,PNT43,T,0.0,0.321,0.21,0.5,-0.5,C2026.1145.csv
01/05/2026,20:08:13,LOC96,PONTO,PNT44,T,0.0,1.24,1.24,0.5,-0.5,C2026.1145.csv
01/05/2026,20:08:13,LOC97,PONTO,PNT45,T,0.0,0.38,0.38,0.5,-0.5,C2026.1145.csv
01/05/2026,20:08:13,LOC98,PONTO,PNT46,T,0.0,0.22,0.22,0.5,-0.5,C2026.1145.csv
01/05/2026,20:08:13,LOC99,PONTO,PNT47,T,0.0,-0.09,-0.09,0.5,-0.5,C2026.1145.csv
01/05/2026,20:08:13,LOC100,PONTO,PNT48,T,0.0,0.2,0.2,0.5,-0.5,C2026.1145.csv
01/05/2026,20:08:13,LOC101,PONTO,PNT49,T,0.0,-0.63,-0.63,0.5,-0.5,C2026.1145.csv
01/05/2026,20:08:13,LOC102,PONTO,PNT51,T,0.0,-1.05,-1.05,0.5,-0.5,C2026.1145.csv
01/05/2026,20:08:13,LOC103,PONTO,PNT52,T,0.0,-0.55,-0.55,0.5,-0.5,C2026.1145.csv
01/05/2026,20:08:13,LOC104,PONTO,PNT53,T,0.0,-1.1,-1.1,0.5,-0.5,C2026.1145.csv
01/05/2026,20:08:13,LOC105,PONTO,PNT54,T,0.0,-1.01,-1.01,0.5,-0.5,C2026.1145.csv
01/05/2026,20:08:13,LOC106,PONTO,PNT55,T,0.0,-1.12,-1.12,0.5,-0.5,C2026.1145.csv
01/05/2026,20:08:13,LOC107,PONTO,PNT56,T,0.0,-1.23,-1.23,0.5,-0.5,C2026.1145.csv
01/05/2026,20:08:13,LOC108,PONTO,PNT57,T,0.0,-2.03,-2.03,0.5,-0.5,C2026.1145.csv
01/05/2026,20:08:13,LOC109,PONTO,PNT58,T,0.0,0.03,0.03,0.5,-0.5,C2026.1145.csv
01/05/2026,20:08:13,LOC110,PONTO,PNT59,T,0.0,-0.04,-0.04,0.5,-0.5,C2026.1145.csv
01/05/2026,20:08:13,LOC111,PONTO,PNT60,T,0.0,0.06,0.06,0.5,-0.5,C2026.1145.csv
01/05/2026,20:08:13,LOC112,PONTO,PNT9 BORDA,T,0.0,0.53,0.53,0.5,-0.5,C2026.1145.csv
01/05/2026,20:08:13,LOC113,PONTO,PNT8 BORDA,T,0.0,0.39,0.39,0.5,-0.5,C2026.1145.csv
01/05/2026,20:08:13,LOC114,PONTO,PNT7 BORDA,T,0.0,-0.48,-0.48,0.5,-0.5,C2026.1145.csv
01/05/2026,20:08:13,LOC115,PONTO,PNT6 BORDA,T,0.0,-0.53,-0.53,0.5,-0.5,C2026.1145.csv
01/05/2026,20:08:13,LOC116,PONTO,PNT5 BORDA,T,0.0,-0.52,-0.52,0.5,-0.5,C2026.1145.csv
01/05/2026,20:08:13,LOC117,PONTO,PNT4 BORDA,T,0.0,-0.53,-0.53,0.5,-0.5,C2026.1145.csv
01/05/2026,20:08:13,LOC118,PONTO,PNT3 BORDA,T,0.0,-1.02,-1.02,0.5,-0.5,C2026.1145.csv
01/05/2026,20:08:13,LOC119,PONTO,PNT21 BORDA,T,0.0,-0.29,-0.29,0.5,-0.5,C2026.1145.csv
01/05/2026,20:08:13,LOC120,PONTO,PNT20 BORDA,T,0.0,-0.33,-0.33,0.5,-0.5,C2026.1145.csv
01/05/2026,20:08:13,LOC121,PONTO,PNT2 BORDA,T,0.0,-1.48,-1.48,0.5,-0.5,C2026.1145.csv
01/05/2026,20:08:13,LOC122,PONTO,PNT19 BORDA,T,0.0,-0.33,-0.33,0.5,-0.5,C2026.1145.csv
01/05/2026,20:08:13,LOC123,PONTO,PNT18 BORDA,T,0.0,-0.17,-0.17,0.5,-0.5,C2026.1145.csv
01/05/2026,20:08:13,LOC124,PONTO,PNT17 BORDA,T,0.0,-1.27,-1.27,0.5,-0.5,C2026.1145.csv
01/05/2026,20:08:13,LOC125,PONTO,PNT16 BORDA,T,0.0,0.26,0.26,0.5,-0.5,C2026.1145.csv
01/05/2026,20:08:13,LOC126,PONTO,PNT15 BPRDA,T,0.0,-0.55,-0.55,0.5,-0.5,C2026.1145.csv
01/05/2026,20:08:13,LOC127,PONTO,PNT14 BORDA,T,0.0,0.35,0.35,0.5,-0.5,C2026.1145.csv
01/05/2026,20:08:13,LOC128,PONTO,PNT13 BORDA,T,0.0,-0.51,-0.51,0.5,-0.5,C2026.1145.csv
01/05/2026,20:08:13,LOC129,PONTO,PNT12 BORDA,T,0.0,-0.56,-0.56,0.5,-0.5,C2026.1145.csv
01/05/2026,20:08:13,LOC130,PONTO,PNT11 BORDA,T,0.0,-0.43,-0.43,0.5,-0.5,C2026.1145.csv
01/05/2026,20:08:13,LOC131,PONTO,PNT10 BORDA,T,0.0,0.76,0.78,0.5,-0.5,C2026.1145.csv
01/05/2026,20:08:13,LOC132,PONTO,PNT1 BORDA,T,0.0,-3.02,-3.05,0.5,-0.5,C2026.1145.csv
04/05/2026,20:34:06,LOC23,CÍRCULO,28359,Y,830.08,827.96,-2.12,0.5,-0.5,C2026.1165.csv
04/05/2026,20:34:06,LOC23,CÍRCULO,28359,Z,273.81,273.95,0.14,0.5,-0.5,C2026.1165.csv
04/05/2026,20:34:06,LOC62,CÍRCULO,28354,Y,821.91,823.58,1.67,0.5,-0.5,C2026.1165.csv
04/05/2026,20:34:06,LOC62,CÍRCULO,28354,Z,648.15,647.34,-0.81,0.5,-0.5,C2026.1165.csv
04/05/2026,20:34:06,LOC63,CÍRCULO,CÍR5,X,1575.12,1574.56,-0.56,0.5,-0.5,C2026.1165.csv
04/05/2026,20:34:06,LOC63,CÍRCULO,CÍR5,Y,778.0,777.15,-0.85,0.5,-0.5,C2026.1165.csv
04/05/2026,20:34:06,LOC63,CÍRCULO,CÍR5,Z,405.75,405.7,-0.05,0.5,-0.5,C2026.1165.csv
04/05/2026,20:34:06,LOC64,SLOT,SLTR1,X,1571.67,1571.16,-0.51,1.0,-1.0,C2026.1165.csv
04/05/2026,20:34:06,LOC64,SLOT,SLTR1,Y,778.96,777.72,-1.24,1.0,-1.0,C2026.1165.csv
04/05/2026,20:34:06,LOC64,SLOT,SLTR1,Z,361.9,361.82,-0.08,1.0,-1.0,C2026.1165.csv
04/05/2026,20:34:06,LOC65,CÍRCULO,CÍR4,X,1637.22,1635.36,-1.86,1.0,-1.0,C2026.1165.csv
04/05/2026,20:34:06,LOC65,CÍRCULO,CÍR4,Y,745.94,745.36,-0.58,1.0,-1.0,C2026.1165.csv
04/05/2026,20:34:06,LOC65,CÍRCULO,CÍR4,Z,579.71,579.75,0.04,1.0,-1.0,C2026.1165.csv
04/05/2026,20:34:06,LOC66,CÍRCULO,CÍR3,X,1622.23,1621.63,-0.59,1.0,-1.0,C2026.1165.csv
04/05/2026,20:34:06,LOC66,CÍRCULO,CÍR3,Y,750.37,749.3,-1.07,1.0,-1.0,C2026.1165.csv
04/05/2026,20:34:06,LOC66,CÍRCULO,CÍR3,Z,427.84,427.69,-0.15,1.0,-1.0,C2026.1165.csv
04/05/2026,20:34:06,LOC25,SLOT,SLTQ1,X,1607.11,1605.99,-1.18,1.0,-1.0,C2026.1165.csv
04/05/2026,20:34:06,LOC25,SLOT,SLTQ1,Y,770.84,770.46,-0.39,1.0,-1.0,C2026.1165.csv
04/05/2026,20:34:06,LOC25,SLOT,SLTQ1,Z,496.72,496.58,-0.14,1.0,-1.0,C2026.1165.csv
04/05/2026,20:34:06,DIST1,DIST,28354 → 28359,M,8.17,4.38,-3.79,0.8,-0.8,C2026.1165.csv
04/05/2026,20:34:06,DIST2,DIST,28359 → 28354,M,374.34,373.39,-0.95,0.8,-0.8,C2026.1165.csv
04/05/2026,20:34:06,LOC67,PONTO,PNT15,T,0.0,-0.09,-0.09,0.5,-0.5,C2026.1165.csv
04/05/2026,20:34:06,LOC68,PONTO,PNT16,T,0.0,-0.29,-0.29,0.5,-0.5,C2026.1165.csv
04/05/2026,20:34:06,LOC69,PONTO,PNT17,T,0.0,0.37,0.37,0.5,-0.5,C2026.1165.csv
04/05/2026,20:34:06,LOC70,PONTO,PNT18,T,0.0,0.07,0.07,0.5,-0.5,C2026.1165.csv
04/05/2026,20:34:06,LOC71,PONTO,PNT19,T,0.0,-0.09,-0.09,0.5,-0.5,C2026.1165.csv
04/05/2026,20:34:06,LOC72,PONTO,PNT20,T,0.0,0.07,0.07,0.5,-0.5,C2026.1165.csv
04/05/2026,20:34:06,LOC73,PONTO,PNT21,T,0.0,0.27,0.27,0.5,-0.5,C2026.1165.csv
04/05/2026,20:34:06,LOC74,PONTO,PNT22,T,0.0,0.47,0.47,0.5,-0.5,C2026.1165.csv
04/05/2026,20:34:06,LOC75,PONTO,PNT23,T,0.0,-0.03,-0.03,0.5,-0.5,C2026.1165.csv
04/05/2026,20:34:06,LOC76,PONTO,PNT24,T,0.0,0.04,0.04,0.5,-0.5,C2026.1165.csv
04/05/2026,20:34:06,LOC77,PONTO,PNT25,T,0.0,-0.23,-0.23,0.5,-0.5,C2026.1165.csv
04/05/2026,20:34:06,LOC78,PONTO,PNT26,T,0.0,-1.05,-1.05,0.5,-0.5,C2026.1165.csv
04/05/2026,20:34:06,LOC79,PONTO,PNT27,T,0.0,-1.03,-1.03,0.5,-0.5,C2026.1165.csv
04/05/2026,20:34:06,LOC80,PONTO,PNT28,T,0.0,-0.65,-0.65,0.5,-0.5,C2026.1165.csv
04/05/2026,20:34:06,LOC81,PONTO,PNT29,T,0.0,-0.75,-0.75,0.5,-0.5,C2026.1165.csv
04/05/2026,20:34:06,LOC82,PONTO,PNT30,T,0.0,-0.65,-0.65,0.5,-0.5,C2026.1165.csv
04/05/2026,20:34:06,LOC83,PONTO,PNT31,T,0.0,-0.83,-0.83,0.5,-0.5,C2026.1165.csv
04/05/2026,20:34:06,LOC84,PONTO,PNT32,T,0.0,0.01,0.01,0.5,-0.5,C2026.1165.csv
04/05/2026,20:34:06,LOC85,PONTO,PNT33,T,0.0,-0.02,-0.02,0.5,-0.5,C2026.1165.csv
04/05/2026,20:34:06,LOC86,PONTO,PNT34,T,0.0,-0.19,-0.19,0.5,-0.5,C2026.1165.csv
04/05/2026,20:34:06,LOC87,PONTO,PNT35,T,0.0,0.01,0.01,0.5,-0.5,C2026.1165.csv
04/05/2026,20:34:06,LOC88,PONTO,PNT36,T,0.0,-0.04,-0.04,0.5,-0.5,C2026.1165.csv
04/05/2026,20:34:06,LOC89,PONTO,PNT37,T,0.0,0.16,0.16,0.5,-0.5,C2026.1165.csv
04/05/2026,20:34:06,LOC90,PONTO,PNT38,T,0.0,0.27,0.27,0.5,-0.5,C2026.1165.csv
04/05/2026,20:34:06,LOC91,PONTO,PNT39,T,0.0,-0.06,-0.06,0.5,-0.5,C2026.1165.csv
04/05/2026,20:34:06,LOC92,PONTO,PNT40,T,0.0,0.65,0.65,0.5,-0.5,C2026.1165.csv
04/05/2026,20:34:06,LOC93,PONTO,PNT41,T,0.0,0.36,0.36,0.5,-0.5,C2026.1165.csv
04/05/2026,20:34:06,LOC94,PONTO,PNT42,T,0.0,-0.38,-0.38,0.5,-0.5,C2026.1165.csv
04/05/2026,20:34:06,LOC95,PONTO,PNT43,T,0.0,-0.13,-0.13,0.5,-0.5,C2026.1165.csv
04/05/2026,20:34:06,LOC96,PONTO,PNT44,T,0.0,1.12,1.12,0.5,-0.5,C2026.1165.csv
04/05/2026,20:34:06,LOC97,PONTO,PNT45,T,0.0,0.18,0.18,0.5,-0.5,C2026.1165.csv
04/05/2026,20:34:06,LOC98,PONTO,PNT46,T,0.0,0.32,0.32,0.5,-0.5,C2026.1165.csv
04/05/2026,20:34:06,LOC99,PONTO,PNT47,T,0.0,-0.24,-0.24,0.5,-0.5,C2026.1165.csv
04/05/2026,20:34:06,LOC100,PONTO,PNT48,T,0.0,0.11,0.11,0.5,-0.5,C2026.1165.csv
04/05/2026,20:34:06,LOC101,PONTO,PNT49,T,0.0,-0.67,-0.67,0.5,-0.5,C2026.1165.csv
04/05/2026,20:34:06,LOC102,PONTO,PNT51,T,0.0,-1.01,-1.01,0.5,-0.5,C2026.1165.csv
04/05/2026,20:34:06,LOC103,PONTO,PNT52,T,0.0,-0.7,-0.7,0.5,-0.5,C2026.1165.csv
04/05/2026,20:34:06,LOC104,PONTO,PNT53,T,0.0,-1.03,-1.03,0.5,-0.5,C2026.1165.csv
04/05/2026,20:34:06,LOC105,PONTO,PNT54,T,0.0,-1.2,-1.2,0.5,-0.5,C2026.1165.csv
04/05/2026,20:34:06,LOC106,PONTO,PNT55,T,0.0,-1.3,-1.3,0.5,-0.5,C2026.1165.csv
04/05/2026,20:34:06,LOC107,PONTO,PNT56,T,0.0,-1.05,-1.05,0.5,-0.5,C2026.1165.csv
04/05/2026,20:34:06,LOC108,PONTO,PNT57,T,0.0,-1.84,-1.84,0.5,-0.5,C2026.1165.csv
04/05/2026,20:34:06,LOC109,PONTO,PNT58,T,0.0,-0.48,-0.48,0.5,-0.5,C2026.1165.csv
04/05/2026,20:34:06,LOC110,PONTO,PNT59,T,0.0,-0.26,-0.26,0.5,-0.5,C2026.1165.csv
04/05/2026,20:34:06,LOC111,PONTO,PNT60,T,0.0,-0.32,-0.32,0.5,-0.5,C2026.1165.csv
04/05/2026,20:34:06,LOC112,PONTO,PNT9 BORDA,T,0.0,0.92,0.92,0.5,-0.5,C2026.1165.csv
04/05/2026,20:34:06,LOC113,PONTO,PNT8 BORDA,T,0.0,0.26,0.26,0.5,-0.5,C2026.1165.csv
04/05/2026,20:34:06,LOC114,PONTO,PNT7 BORDA,T,0.0,-0.12,-0.12,0.5,-0.5,C2026.1165.csv
04/05/2026,20:34:06,LOC115,PONTO,PNT6 BORDA,T,0.0,-0.65,-0.65,0.5,-0.5,C2026.1165.csv
04/05/2026,20:34:06,LOC116,PONTO,PNT5 BORDA,T,0.0,-0.32,-0.32,0.5,-0.5,C2026.1165.csv
04/05/2026,20:34:06,LOC117,PONTO,PNT4 BORDA,T,0.0,-0.42,-0.42,0.5,-0.5,C2026.1165.csv
04/05/2026,20:34:06,LOC118,PONTO,PNT3 BORDA,T,0.0,-0.72,-0.72,0.5,-0.5,C2026.1165.csv
04/05/2026,20:34:06,LOC119,PONTO,PNT21 BORDA,T,0.0,-0.17,-0.17,0.5,-0.5,C2026.1165.csv
04/05/2026,20:34:06,LOC120,PONTO,PNT20 BORDA,T,0.0,-0.29,-0.29,0.5,-0.5,C2026.1165.csv
04/05/2026,20:34:06,LOC121,PONTO,PNT2 BORDA,T,0.0,-1.02,-1.02,0.5,-0.5,C2026.1165.csv
04/05/2026,20:34:06,LOC122,PONTO,PNT19 BORDA,T,0.0,-0.09,-0.09,0.5,-0.5,C2026.1165.csv
04/05/2026,20:34:06,LOC123,PONTO,PNT18 BORDA,T,0.0,-0.92,-0.92,0.5,-0.5,C2026.1165.csv
04/05/2026,20:34:06,LOC124,PONTO,PNT17 BORDA,T,0.0,-2.03,-2.03,0.5,-0.5,C2026.1165.csv
04/05/2026,20:34:06,LOC125,PONTO,PNT16 BORDA,T,0.0,0.16,0.16,0.5,-0.5,C2026.1165.csv
04/05/2026,20:34:06,LOC126,PONTO,PNT15 BPRDA,T,0.0,-1.53,-1.53,0.5,-0.5,C2026.1165.csv
04/05/2026,20:34:06,LOC127,PONTO,PNT14 BORDA,T,0.0,1.16,1.16,0.5,-0.5,C2026.1165.csv
04/05/2026,20:34:06,LOC128,PONTO,PNT13 BORDA,T,0.0,-0.74,-0.74,0.5,-0.5,C2026.1165.csv
04/05/2026,20:34:06,LOC129,PONTO,PNT12 BORDA,T,0.0,-0.26,-0.26,0.5,-0.5,C2026.1165.csv
04/05/2026,20:34:06,LOC130,PONTO,PNT11 BORDA,T,0.0,-0.12,-0.12,0.5,-0.5,C2026.1165.csv
04/05/2026,20:34:06,LOC131,PONTO,PNT10 BORDA,T,0.0,0.72,0.72,0.5,-0.5,C2026.1165.csv
04/05/2026,20:34:06,LOC132,PONTO,PNT1 BORDA,T,0.0,-2.36,-2.36,0.5,-0.5,C2026.1165.csv
06/05/2026,22:08:09,LOC23,CÍRCULO,28359,Y,830.08,828.54,-1.54,0.5,-0.5,C2026.1166.csv
06/05/2026,22:08:09,LOC23,CÍRCULO,28359,Z,273.81,274.27,0.46,0.5,-0.5,C2026.1166.csv
06/05/2026,22:08:09,LOC62,CÍRCULO,28354,Y,821.91,823.32,1.41,0.5,-0.5,C2026.1166.csv
06/05/2026,22:08:09,LOC62,CÍRCULO,28354,Z,648.15,647.89,-0.26,0.5,-0.5,C2026.1166.csv
06/05/2026,22:08:09,LOC63,CÍRCULO,CÍR5,X,1575.12,1574.48,-0.64,0.5,-0.5,C2026.1166.csv
06/05/2026,22:08:09,LOC63,CÍRCULO,CÍR5,Y,778.0,777.06,-0.95,0.5,-0.5,C2026.1166.csv
06/05/2026,22:08:09,LOC63,CÍRCULO,CÍR5,Z,405.75,405.92,0.17,0.5,-0.5,C2026.1166.csv
06/05/2026,22:08:09,LOC64,SLOT,SLTR1,X,1571.67,1571.14,-0.53,1.0,-1.0,C2026.1166.csv
06/05/2026,22:08:09,LOC64,SLOT,SLTR1,Y,778.96,777.73,-1.23,1.0,-1.0,C2026.1166.csv
06/05/2026,22:08:09,LOC64,SLOT,SLTR1,Z,361.9,362.05,0.15,1.0,-1.0,C2026.1166.csv
06/05/2026,22:08:09,LOC65,CÍRCULO,CÍR4,X,1637.22,1635.38,-1.84,1.0,-1.0,C2026.1166.csv
06/05/2026,22:08:09,LOC65,CÍRCULO,CÍR4,Y,745.94,745.99,0.06,1.0,-1.0,C2026.1166.csv
06/05/2026,22:08:09,LOC65,CÍRCULO,CÍR4,Z,579.71,580.07,0.35,1.0,-1.0,C2026.1166.csv
06/05/2026,22:08:09,LOC66,CÍRCULO,CÍR3,X,1622.23,1621.41,-0.82,1.0,-1.0,C2026.1166.csv
06/05/2026,22:08:09,LOC66,CÍRCULO,CÍR3,Y,750.37,749.49,-0.88,1.0,-1.0,C2026.1166.csv
06/05/2026,22:08:09,LOC66,CÍRCULO,CÍR3,Z,427.84,427.79,-0.04,1.0,-1.0,C2026.1166.csv
06/05/2026,22:08:09,LOC25,SLOT,SLTQ1,X,1607.11,1605.9,-1.2,1.0,-1.0,C2026.1166.csv
06/05/2026,22:08:09,LOC25,SLOT,SLTQ1,Y,770.84,770.51,-0.34,1.0,-1.0,C2026.1166.csv
06/05/2026,22:08:09,LOC25,SLOT,SLTQ1,Z,496.72,496.89,0.17,1.0,-1.0,C2026.1166.csv
06/05/2026,22:08:09,DIST1,DIST,28354 → 28359,M,8.17,5.21,-2.96,0.8,-0.8,C2026.1166.csv
06/05/2026,22:08:09,DIST2,DIST,28359 → 28354,M,374.34,373.62,-0.72,0.8,-0.8,C2026.1166.csv
06/05/2026,22:08:09,LOC67,PONTO,PNT15,T,0.0,0.0,0.0,0.5,-0.5,C2026.1166.csv
06/05/2026,22:08:09,LOC68,PONTO,PNT16,T,0.0,-0.29,-0.29,0.5,-0.5,C2026.1166.csv
06/05/2026,22:08:09,LOC69,PONTO,PNT17,T,0.0,0.17,0.17,0.5,-0.5,C2026.1166.csv
06/05/2026,22:08:09,LOC70,PONTO,PNT18,T,0.0,-0.06,-0.06,0.5,-0.5,C2026.1166.csv
06/05/2026,22:08:09,LOC71,PONTO,PNT19,T,0.0,-0.4,-0.4,0.5,-0.5,C2026.1166.csv
06/05/2026,22:08:09,LOC72,PONTO,PNT20,T,0.0,-0.15,-0.15,0.5,-0.5,C2026.1166.csv
06/05/2026,22:08:09,LOC73,PONTO,PNT21,T,0.0,0.05,0.05,0.5,-0.5,C2026.1166.csv
06/05/2026,22:08:09,LOC74,PONTO,PNT22,T,0.0,0.7,0.7,0.5,-0.5,C2026.1166.csv
06/05/2026,22:08:09,LOC75,PONTO,PNT23,T,0.0,0.09,0.09,0.5,-0.5,C2026.1166.csv
06/05/2026,22:08:09,LOC76,PONTO,PNT24,T,0.0,0.16,0.16,0.5,-0.5,C2026.1166.csv
06/05/2026,22:08:09,LOC77,PONTO,PNT25,T,0.0,0.12,0.12,0.5,-0.5,C2026.1166.csv
06/05/2026,22:08:09,LOC78,PONTO,PNT26,T,0.0,-0.02,-0.02,0.5,-0.5,C2026.1166.csv
06/05/2026,22:08:09,LOC79,PONTO,PNT27,T,0.0,-1.01,-1.01,0.5,-0.5,C2026.1166.csv
06/05/2026,22:08:09,LOC80,PONTO,PNT28,T,0.0,-0.72,-0.72,0.5,-0.5,C2026.1166.csv
06/05/2026,22:08:09,LOC81,PONTO,PNT29,T,0.0,-0.73,-0.73,0.5,-0.5,C2026.1166.csv
06/05/2026,22:08:09,LOC82,PONTO,PNT30,T,0.0,-0.35,-0.35,0.5,-0.5,C2026.1166.csv
06/05/2026,22:08:09,LOC83,PONTO,PNT31,T,0.0,-0.86,-0.86,0.5,-0.5,C2026.1166.csv
06/05/2026,22:08:09,LOC84,PONTO,PNT32,T,0.0,-0.09,-0.09,0.5,-0.5,C2026.1166.csv
06/05/2026,22:08:09,LOC85,PONTO,PNT33,T,0.0,-0.15,-0.15,0.5,-0.5,C2026.1166.csv
06/05/2026,22:08:09,LOC86,PONTO,PNT34,T,0.0,-0.02,-0.02,0.5,-0.5,C2026.1166.csv
06/05/2026,22:08:09,LOC87,PONTO,PNT35,T,0.0,0.23,0.23,0.5,-0.5,C2026.1166.csv
06/05/2026,22:08:09,LOC88,PONTO,PNT36,T,0.0,0.06,0.06,0.5,-0.5,C2026.1166.csv
06/05/2026,22:08:09,LOC89,PONTO,PNT37,T,0.0,0.04,0.04,0.5,-0.5,C2026.1166.csv
06/05/2026,22:08:09,LOC90,PONTO,PNT38,T,0.0,0.29,0.29,0.5,-0.5,C2026.1166.csv
06/05/2026,22:08:09,LOC91,PONTO,PNT39,T,0.0,-0.24,-0.24,0.5,-0.5,C2026.1166.csv
06/05/2026,22:08:09,LOC92,PONTO,PNT40,T,0.0,0.71,0.71,0.5,-0.5,C2026.1166.csv
06/05/2026,22:08:09,LOC93,PONTO,PNT41,T,0.0,0.05,0.05,0.5,-0.5,C2026.1166.csv
06/05/2026,22:08:09,LOC94,PONTO,PNT42,T,0.0,-0.36,-0.36,0.5,-0.5,C2026.1166.csv
06/05/2026,22:08:09,LOC95,PONTO,PNT43,T,0.0,-0.03,-0.03,0.5,-0.5,C2026.1166.csv
06/05/2026,22:08:09,LOC96,PONTO,PNT44,T,0.0,1.27,1.27,0.5,-0.5,C2026.1166.csv
06/05/2026,22:08:09,LOC97,PONTO,PNT45,T,0.0,0.26,0.26,0.5,-0.5,C2026.1166.csv
06/05/2026,22:08:09,LOC98,PONTO,PNT46,T,0.0,0.25,0.25,0.5,-0.5,C2026.1166.csv
06/05/2026,22:08:09,LOC99,PONTO,PNT47,T,0.0,-0.35,-0.35,0.5,-0.5,C2026.1166.csv
06/05/2026,22:08:09,LOC100,PONTO,PNT48,T,0.0,0.14,0.14,0.5,-0.5,C2026.1166.csv
06/05/2026,22:08:09,LOC101,PONTO,PNT49,T,0.0,-0.92,-0.92,0.5,-0.5,C2026.1166.csv
06/05/2026,22:08:09,LOC102,PONTO,PNT51,T,0.0,-1.22,-1.22,0.5,-0.5,C2026.1166.csv
06/05/2026,22:08:09,LOC103,PONTO,PNT52,T,0.0,-0.74,-0.74,0.5,-0.5,C2026.1166.csv
06/05/2026,22:08:09,LOC104,PONTO,PNT53,T,0.0,-1.41,-1.41,0.5,-0.5,C2026.1166.csv
06/05/2026,22:08:09,LOC105,PONTO,PNT54,T,0.0,-1.07,-1.07,0.5,-0.5,C2026.1166.csv
06/05/2026,22:08:09,LOC106,PONTO,PNT55,T,0.0,-1.32,-1.32,0.5,-0.5,C2026.1166.csv
06/05/2026,22:08:09,LOC107,PONTO,PNT56,T,0.0,-1.21,-1.21,0.5,-0.5,C2026.1166.csv
06/05/2026,22:08:09,LOC108,PONTO,PNT57,T,0.0,-1.82,-1.82,0.5,-0.5,C2026.1166.csv
06/05/2026,22:08:09,LOC109,PONTO,PNT58,T,0.0,-0.21,-0.21,0.5,-0.5,C2026.1166.csv
06/05/2026,22:08:09,LOC110,PONTO,PNT59,T,0.0,-0.06,-0.06,0.5,-0.5,C2026.1166.csv
06/05/2026,22:08:09,LOC111,PONTO,PNT60,T,0.0,0.06,0.06,0.5,-0.5,C2026.1166.csv
06/05/2026,22:08:09,LOC112,PONTO,PNT9 BORDA,T,0.0,0.79,0.79,0.5,-0.5,C2026.1166.csv
06/05/2026,22:08:09,LOC113,PONTO,PNT8 BORDA,T,0.0,0.25,0.25,0.5,-0.5,C2026.1166.csv
06/05/2026,22:08:09,LOC114,PONTO,PNT7 BORDA,T,0.0,-0.35,-0.35,0.5,-0.5,C2026.1166.csv
06/05/2026,22:08:09,LOC115,PONTO,PNT6 BORDA,T,0.0,-0.67,-0.67,0.5,-0.5,C2026.1166.csv
06/05/2026,22:08:09,LOC116,PONTO,PNT5 BORDA,T,0.0,-0.41,-0.41,0.5,-0.5,C2026.1166.csv
06/05/2026,22:08:09,LOC117,PONTO,PNT4 BORDA,T,0.0,-0.49,-0.49,0.5,-0.5,C2026.1166.csv
06/05/2026,22:08:09,LOC118,PONTO,PNT3 BORDA,T,0.0,-0.67,-0.67,0.5,-0.5,C2026.1166.csv
06/05/2026,22:08:09,LOC119,PONTO,PNT21 BORDA,T,0.0,-0.11,-0.11,0.5,-0.5,C2026.1166.csv
06/05/2026,22:08:09,LOC120,PONTO,PNT20 BORDA,T,0.0,-0.04,-0.04,0.5,-0.5,C2026.1166.csv
06/05/2026,22:08:09,LOC121,PONTO,PNT2 BORDA,T,0.0,-1.14,-1.14,0.5,-0.5,C2026.1166.csv
06/05/2026,22:08:09,LOC122,PONTO,PNT19 BORDA,T,0.0,-0.29,-0.29,0.5,-0.5,C2026.1166.csv
06/05/2026,22:08:09,LOC123,PONTO,PNT18 BORDA,T,0.0,-0.52,-0.52,0.5,-0.5,C2026.1166.csv
06/05/2026,22:08:09,LOC124,PONTO,PNT17 BORDA,T,0.0,-1.97,-1.97,0.5,-0.5,C2026.1166.csv
06/05/2026,22:08:09,LOC125,PONTO,PNT16 BORDA,T,0.0,0.18,0.18,0.5,-0.5,C2026.1166.csv
06/05/2026,22:08:09,LOC126,PONTO,PNT15 BPRDA,T,0.0,-1.22,-1.22,0.5,-0.5,C2026.1166.csv
06/05/2026,22:08:09,LOC127,PONTO,PNT14 BORDA,T,0.0,0.61,0.61,0.5,-0.5,C2026.1166.csv
06/05/2026,22:08:09,LOC128,PONTO,PNT13 BORDA,T,0.0,-0.67,-0.67,0.5,-0.5,C2026.1166.csv
06/05/2026,22:08:09,LOC129,PONTO,PNT12 BORDA,T,0.0,-0.56,-0.56,0.5,-0.5,C2026.1166.csv
06/05/2026,22:08:09,LOC130,PONTO,PNT11 BORDA,T,0.0,-0.46,-0.46,0.5,-0.5,C2026.1166.csv
06/05/2026,22:08:09,LOC131,PONTO,PNT10 BORDA,T,0.0,0.86,0.86,0.5,-0.5,C2026.1166.csv
06/05/2026,22:08:09,LOC132,PONTO,PNT1 BORDA,T,0.0,-2.5,-2.5,0.5,-0.5,C2026.1166.csv
08/05/2026,22:19:40,LOC23,CÍRCULO,28359,Y,830.08,828.53,-1.55,0.5,-0.5,C2026.1167.csv
08/05/2026,22:19:40,LOC23,CÍRCULO,28359,Z,273.81,274.27,0.47,0.5,-0.5,C2026.1167.csv
08/05/2026,22:19:40,LOC62,CÍRCULO,28354,Y,821.91,823.37,1.46,0.5,-0.5,C2026.1167.csv
08/05/2026,22:19:40,LOC62,CÍRCULO,28354,Z,648.15,647.89,-0.26,0.5,-0.5,C2026.1167.csv
08/05/2026,22:19:40,LOC63,CÍRCULO,CÍR5,X,1575.12,1574.51,-0.61,0.5,-0.5,C2026.1167.csv
08/05/2026,22:19:40,LOC63,CÍRCULO,CÍR5,Y,778.0,777.09,-0.91,0.5,-0.5,C2026.1167.csv
08/05/2026,22:19:40,LOC63,CÍRCULO,CÍR5,Z,405.75,405.93,0.18,0.5,-0.5,C2026.1167.csv
08/05/2026,22:19:40,LOC64,SLOT,SLTR1,X,1571.67,1571.17,-0.51,1.0,-1.0,C2026.1167.csv
08/05/2026,22:19:40,LOC64,SLOT,SLTR1,Y,778.96,777.75,-1.21,1.0,-1.0,C2026.1167.csv
08/05/2026,22:19:40,LOC64,SLOT,SLTR1,Z,361.9,362.06,0.16,1.0,-1.0,C2026.1167.csv
08/05/2026,22:19:40,LOC65,CÍRCULO,CÍR4,X,1637.22,1635.46,-1.76,1.0,-1.0,C2026.1167.csv
08/05/2026,22:19:40,LOC65,CÍRCULO,CÍR4,Y,745.94,746.02,0.08,1.0,-1.0,C2026.1167.csv
08/05/2026,22:19:40,LOC65,CÍRCULO,CÍR4,Z,579.71,580.06,0.35,1.0,-1.0,C2026.1167.csv
08/05/2026,22:19:40,LOC66,CÍRCULO,CÍR3,X,1622.23,1621.46,-0.76,1.0,-1.0,C2026.1167.csv
08/05/2026,22:19:40,LOC66,CÍRCULO,CÍR3,Y,750.37,749.55,-0.82,1.0,-1.0,C2026.1167.csv
08/05/2026,22:19:40,LOC66,CÍRCULO,CÍR3,Z,427.84,427.78,-0.06,1.0,-1.0,C2026.1167.csv
08/05/2026,22:19:40,LOC25,SLOT,SLTQ1,X,1607.11,1605.96,-1.15,1.0,-1.0,C2026.1167.csv
08/05/2026,22:19:40,LOC25,SLOT,SLTQ1,Y,770.84,770.56,-0.28,1.0,-1.0,C2026.1167.csv
08/05/2026,22:19:40,LOC25,SLOT,SLTQ1,Z,496.72,496.89,0.17,1.0,-1.0,C2026.1167.csv
08/05/2026,22:19:40,DIST1,DIST,28354 → 28359,M,8.17,5.16,-3.01,0.8,-0.8,C2026.1167.csv
08/05/2026,22:19:40,DIST2,DIST,28359 → 28354,M,374.34,373.62,-0.72,0.8,-0.8,C2026.1167.csv
08/05/2026,22:19:40,LOC67,PONTO,PNT15,T,0.0,-0.03,-0.03,0.5,-0.5,C2026.1167.csv
08/05/2026,22:19:40,LOC68,PONTO,PNT16,T,0.0,0.02,0.02,0.5,-0.5,C2026.1167.csv
08/05/2026,22:19:40,LOC69,PONTO,PNT17,T,0.0,0.21,0.21,0.5,-0.5,C2026.1167.csv
08/05/2026,22:19:40,LOC70,PONTO,PNT18,T,0.0,-0.04,-0.04,0.5,-0.5,C2026.1167.csv
08/05/2026,22:19:40,LOC71,PONTO,PNT19,T,0.0,-0.37,-0.37,0.5,-0.5,C2026.1167.csv
08/05/2026,22:19:40,LOC72,PONTO,PNT20,T,0.0,-0.14,-0.14,0.5,-0.5,C2026.1167.csv
08/05/2026,22:19:40,LOC73,PONTO,PNT21,T,0.0,0.06,0.06,0.5,-0.5,C2026.1167.csv
08/05/2026,22:19:40,LOC74,PONTO,PNT22,T,0.0,0.72,0.72,0.5,-0.5,C2026.1167.csv
08/05/2026,22:19:40,LOC75,PONTO,PNT23,T,0.0,0.14,0.14,0.5,-0.5,C2026.1167.csv
08/05/2026,22:19:40,LOC76,PONTO,PNT24,T,0.0,0.22,0.22,0.5,-0.5,C2026.1167.csv
08/05/2026,22:19:40,LOC77,PONTO,PNT25,T,0.0,0.13,0.13,0.5,-0.5,C2026.1167.csv
08/05/2026,22:19:40,LOC78,PONTO,PNT26,T,0.0,-0.05,-0.05,0.5,-0.5,C2026.1167.csv
08/05/2026,22:19:40,LOC79,PONTO,PNT27,T,0.0,-0.94,-0.94,0.5,-0.5,C2026.1167.csv
08/05/2026,22:19:40,LOC80,PONTO,PNT28,T,0.0,-0.67,-0.67,0.5,-0.5,C2026.1167.csv
08/05/2026,22:19:40,LOC81,PONTO,PNT29,T,0.0,-0.66,-0.66,0.5,-0.5,C2026.1167.csv
08/05/2026,22:19:40,LOC82,PONTO,PNT30,T,0.0,-0.3,-0.3,0.5,-0.5,C2026.1167.csv
08/05/2026,22:19:40,LOC83,PONTO,PNT31,T,0.0,-0.81,-0.81,0.5,-0.5,C2026.1167.csv
08/05/2026,22:19:40,LOC84,PONTO,PNT32,T,0.0,-0.05,-0.05,0.5,-0.5,C2026.1167.csv
08/05/2026,22:19:40,LOC85,PONTO,PNT33,T,0.0,-0.11,-0.11,0.5,-0.5,C2026.1167.csv
08/05/2026,22:19:40,LOC86,PONTO,PNT34,T,0.0,0.0,0.0,0.5,-0.5,C2026.1167.csv
08/05/2026,22:19:40,LOC87,PONTO,PNT35,T,0.0,0.24,0.24,0.5,-0.5,C2026.1167.csv
08/05/2026,22:19:40,LOC88,PONTO,PNT36,T,0.0,0.05,0.05,0.5,-0.5,C2026.1167.csv
08/05/2026,22:19:40,LOC89,PONTO,PNT37,T,0.0,0.04,0.04,0.5,-0.5,C2026.1167.csv
08/05/2026,22:19:40,LOC90,PONTO,PNT38,T,0.0,0.28,0.28,0.5,-0.5,C2026.1167.csv
08/05/2026,22:19:40,LOC91,PONTO,PNT39,T,0.0,-0.21,-0.21,0.5,-0.5,C2026.1167.csv
08/05/2026,22:19:40,LOC92,PONTO,PNT40,T,0.0,0.7,0.7,0.5,-0.5,C2026.1167.csv
08/05/2026,22:19:40,LOC93,PONTO,PNT41,T,0.0,0.09,0.09,0.5,-0.5,C2026.1167.csv
08/05/2026,22:19:40,LOC94,PONTO,PNT42,T,0.0,-0.34,-0.34,0.5,-0.5,C2026.1167.csv
08/05/2026,22:19:40,LOC95,PONTO,PNT43,T,0.0,-0.01,-0.01,0.5,-0.5,C2026.1167.csv
08/05/2026,22:19:40,LOC96,PONTO,PNT44,T,0.0,1.3,1.3,0.5,-0.5,C2026.1167.csv
08/05/2026,22:19:40,LOC97,PONTO,PNT45,T,0.0,0.14,0.14,0.5,-0.5,C2026.1167.csv
08/05/2026,22:19:40,LOC98,PONTO,PNT46,T,0.0,0.23,0.23,0.5,-0.5,C2026.1167.csv
08/05/2026,22:19:40,LOC99,PONTO,PNT47,T,0.0,-0.38,-0.38,0.5,-0.5,C2026.1167.csv
08/05/2026,22:19:40,LOC100,PONTO,PNT48,T,0.0,0.14,0.14,0.5,-0.5,C2026.1167.csv
08/05/2026,22:19:40,LOC101,PONTO,PNT49,T,0.0,-0.89,-0.89,0.5,-0.5,C2026.1167.csv
08/05/2026,22:19:40,LOC102,PONTO,PNT51,T,0.0,-1.18,-1.18,0.5,-0.5,C2026.1167.csv
08/05/2026,22:19:40,LOC103,PONTO,PNT52,T,0.0,-0.7,-0.7,0.5,-0.5,C2026.1167.csv
08/05/2026,22:19:40,LOC104,PONTO,PNT53,T,0.0,-1.38,-1.38,0.5,-0.5,C2026.1167.csv
08/05/2026,22:19:40,LOC105,PONTO,PNT54,T,0.0,-1.02,-1.02,0.5,-0.5,C2026.1167.csv
08/05/2026,22:19:40,LOC106,PONTO,PNT55,T,0.0,-1.27,-1.27,0.5,-0.5,C2026.1167.csv
08/05/2026,22:19:40,LOC107,PONTO,PNT56,T,0.0,-1.14,-1.14,0.5,-0.5,C2026.1167.csv
08/05/2026,22:19:40,LOC108,PONTO,PNT57,T,0.0,-1.74,-1.74,0.5,-0.5,C2026.1167.csv
08/05/2026,22:19:40,LOC109,PONTO,PNT58,T,0.0,-0.18,-0.18,0.5,-0.5,C2026.1167.csv
08/05/2026,22:19:40,LOC110,PONTO,PNT59,T,0.0,-0.04,-0.04,0.5,-0.5,C2026.1167.csv
08/05/2026,22:19:40,LOC111,PONTO,PNT60,T,0.0,0.05,0.05,0.5,-0.5,C2026.1167.csv
08/05/2026,22:19:40,LOC112,PONTO,PNT9 BORDA,T,0.0,0.79,0.79,0.5,-0.5,C2026.1167.csv
08/05/2026,22:19:40,LOC113,PONTO,PNT8 BORDA,T,0.0,0.23,0.23,0.5,-0.5,C2026.1167.csv
08/05/2026,22:19:40,LOC114,PONTO,PNT7 BORDA,T,0.0,-0.31,-0.31,0.5,-0.5,C2026.1167.csv
08/05/2026,22:19:40,LOC115,PONTO,PNT6 BORDA,T,0.0,-0.62,-0.62,0.5,-0.5,C2026.1167.csv
08/05/2026,22:19:40,LOC116,PONTO,PNT5 BORDA,T,0.0,-0.36,-0.36,0.5,-0.5,C2026.1167.csv
08/05/2026,22:19:40,LOC117,PONTO,PNT4 BORDA,T,0.0,-0.44,-0.44,0.5,-0.5,C2026.1167.csv
08/05/2026,22:19:40,LOC118,PONTO,PNT3 BORDA,T,0.0,-0.6,-0.6,0.5,-0.5,C2026.1167.csv
08/05/2026,22:19:40,LOC119,PONTO,PNT21 BORDA,T,0.0,-0.14,-0.14,0.5,-0.5,C2026.1167.csv
08/05/2026,22:19:40,LOC120,PONTO,PNT20 BORDA,T,0.0,-0.07,-0.07,0.5,-0.5,C2026.1167.csv
08/05/2026,22:19:40,LOC121,PONTO,PNT2 BORDA,T,0.0,-1.07,-1.07,0.5,-0.5,C2026.1167.csv
08/05/2026,22:19:40,LOC122,PONTO,PNT19 BORDA,T,0.0,-0.26,-0.26,0.5,-0.5,C2026.1167.csv
08/05/2026,22:19:40,LOC123,PONTO,PNT18 BORDA,T,0.0,-0.48,-0.48,0.5,-0.5,C2026.1167.csv
08/05/2026,22:19:40,LOC124,PONTO,PNT17 BORDA,T,0.0,-2.02,-2.02,0.5,-0.5,C2026.1167.csv
08/05/2026,22:19:40,LOC125,PONTO,PNT16 BORDA,T,0.0,0.25,0.25,0.5,-0.5,C2026.1167.csv
08/05/2026,22:19:40,LOC126,PONTO,PNT15 BPRDA,T,0.0,-1.24,-1.24,0.5,-0.5,C2026.1167.csv
08/05/2026,22:19:40,LOC127,PONTO,PNT14 BORDA,T,0.0,0.65,0.65,0.5,-0.5,C2026.1167.csv
08/05/2026,22:19:40,LOC128,PONTO,PNT13 BORDA,T,0.0,-0.65,-0.65,0.5,-0.5,C2026.1167.csv
08/05/2026,22:19:40,LOC129,PONTO,PNT12 BORDA,T,0.0,-0.57,-0.57,0.5,-0.5,C2026.1167.csv
08/05/2026,22:19:40,LOC130,PONTO,PNT11 BORDA,T,0.0,-0.46,-0.46,0.5,-0.5,C2026.1167.csv
08/05/2026,22:19:40,LOC131,PONTO,PNT10 BORDA,T,0.0,0.85,0.85,0.5,-0.5,C2026.1167.csv
08/05/2026,22:19:40,LOC132,PONTO,PNT1 BORDA,T,0.0,-2.42,-2.42,0.5,-0.5,C2026.1167.csv
11/05/2026,20:02:32,LOC23,CÍRCULO,28359,Y,830.08,829.07,-1.01,0.5,-0.5,C2026.1263.csv
11/05/2026,20:02:32,LOC23,CÍRCULO,28359,Z,273.81,273.12,-0.69,0.5,-0.5,C2026.1263.csv
11/05/2026,20:02:32,LOC62,CÍRCULO,28354,Y,821.91,823.72,1.81,0.5,-0.5,C2026.1263.csv
11/05/2026,20:02:32,LOC62,CÍRCULO,28354,Z,648.15,647.48,-0.67,0.5,-0.5,C2026.1263.csv
11/05/2026,20:02:32,LOC63,CÍRCULO,CÍR5,X,1575.12,1574.89,-0.24,0.5,-0.5,C2026.1263.csv
11/05/2026,20:02:32,LOC63,CÍRCULO,CÍR5,Y,778.0,777.09,-0.91,0.5,-0.5,C2026.1263.csv
11/05/2026,20:02:32,LOC63,CÍRCULO,CÍR5,Z,405.75,405.43,-0.32,0.5,-0.5,C2026.1263.csv
11/05/2026,20:02:32,LOC64,SLOT,SLTR1,X,1571.67,1571.43,-0.24,1.0,-1.0,C2026.1263.csv
11/05/2026,20:02:32,LOC64,SLOT,SLTR1,Y,778.96,777.73,-1.23,1.0,-1.0,C2026.1263.csv
11/05/2026,20:02:32,LOC64,SLOT,SLTR1,Z,361.9,361.56,-0.33,1.0,-1.0,C2026.1263.csv
11/05/2026,20:02:32,LOC65,CÍRCULO,CÍR4,X,1637.22,1635.83,-1.39,1.0,-1.0,C2026.1263.csv
11/05/2026,20:02:32,LOC65,CÍRCULO,CÍR4,Y,745.94,746.15,0.21,1.0,-1.0,C2026.1263.csv
11/05/2026,20:02:32,LOC65,CÍRCULO,CÍR4,Z,579.71,579.4,-0.32,1.0,-1.0,C2026.1263.csv
11/05/2026,20:02:32,LOC66,CÍRCULO,CÍR3,X,1622.23,1621.58,-0.65,1.0,-1.0,C2026.1263.csv
11/05/2026,20:02:32,LOC66,CÍRCULO,CÍR3,Y,750.37,749.49,-0.88,1.0,-1.0,C2026.1263.csv
11/05/2026,20:02:32,LOC66,CÍRCULO,CÍR3,Z,427.84,427.35,-0.48,1.0,-1.0,C2026.1263.csv
11/05/2026,20:02:32,LOC25,SLOT,SLTQ1,X,1607.11,1606.04,-1.07,1.0,-1.0,C2026.1263.csv
11/05/2026,20:02:32,LOC25,SLOT,SLTQ1,Y,770.84,770.67,-0.17,1.0,-1.0,C2026.1263.csv
11/05/2026,20:02:32,LOC25,SLOT,SLTQ1,Z,496.72,496.42,-0.3,1.0,-1.0,C2026.1263.csv
11/05/2026,20:02:32,DIST1,DIST,28354 → 28359,M,8.17,5.35,-2.82,0.8,-0.8,C2026.1263.csv
11/05/2026,20:02:32,DIST2,DIST,28359 → 28354,M,374.34,374.36,0.02,0.8,-0.8,C2026.1263.csv
11/05/2026,20:02:32,LOC67,PONTO,PNT15,T,0.0,0.06,0.06,0.5,-0.5,C2026.1263.csv
11/05/2026,20:02:32,LOC68,PONTO,PNT16,T,0.0,-0.08,-0.08,0.5,-0.5,C2026.1263.csv
11/05/2026,20:02:32,LOC69,PONTO,PNT17,T,0.0,0.37,0.37,0.5,-0.5,C2026.1263.csv
11/05/2026,20:02:32,LOC70,PONTO,PNT18,T,0.0,-0.07,-0.07,0.5,-0.5,C2026.1263.csv
11/05/2026,20:02:32,LOC71,PONTO,PNT19,T,0.0,-0.25,-0.25,0.5,-0.5,C2026.1263.csv
11/05/2026,20:02:32,LOC72,PONTO,PNT20,T,0.0,-0.13,-0.13,0.5,-0.5,C2026.1263.csv
11/05/2026,20:02:32,LOC73,PONTO,PNT21,T,0.0,0.03,0.03,0.5,-0.5,C2026.1263.csv
11/05/2026,20:02:32,LOC74,PONTO,PNT22,T,0.0,0.93,0.93,0.5,-0.5,C2026.1263.csv
11/05/2026,20:02:32,LOC75,PONTO,PNT23,T,0.0,0.24,0.24,0.5,-0.5,C2026.1263.csv
11/05/2026,20:02:32,LOC76,PONTO,PNT24,T,0.0,0.36,0.36,0.5,-0.5,C2026.1263.csv
11/05/2026,20:02:32,LOC77,PONTO,PNT25,T,0.0,0.14,0.14,0.5,-0.5,C2026.1263.csv
11/05/2026,20:02:32,LOC78,PONTO,PNT26,T,0.0,-0.12,-0.12,0.5,-0.5,C2026.1263.csv
11/05/2026,20:02:32,LOC79,PONTO,PNT27,T,0.0,-0.9,-0.9,0.5,-0.5,C2026.1263.csv
11/05/2026,20:02:32,LOC80,PONTO,PNT28,T,0.0,-0.75,-0.75,0.5,-0.5,C2026.1263.csv
11/05/2026,20:02:32,LOC81,PONTO,PNT29,T,0.0,-0.48,-0.48,0.5,-0.5,C2026.1263.csv
11/05/2026,20:02:32,LOC82,PONTO,PNT30,T,0.0,-0.13,-0.13,0.5,-0.5,C2026.1263.csv
11/05/2026,20:02:32,LOC83,PONTO,PNT31,T,0.0,-0.97,-0.97,0.5,-0.5,C2026.1263.csv
11/05/2026,20:02:32,LOC84,PONTO,PNT32,T,0.0,-0.06,-0.06,0.5,-0.5,C2026.1263.csv
11/05/2026,20:02:32,LOC85,PONTO,PNT33,T,0.0,-0.1,-0.1,0.5,-0.5,C2026.1263.csv
11/05/2026,20:02:32,LOC86,PONTO,PNT34,T,0.0,-0.05,-0.05,0.5,-0.5,C2026.1263.csv
11/05/2026,20:02:32,LOC87,PONTO,PNT35,T,0.0,0.14,0.14,0.5,-0.5,C2026.1263.csv
11/05/2026,20:02:32,LOC88,PONTO,PNT36,T,0.0,0.01,0.01,0.5,-0.5,C2026.1263.csv
11/05/2026,20:02:32,LOC89,PONTO,PNT37,T,0.0,-0.13,-0.13,0.5,-0.5,C2026.1263.csv
11/05/2026,20:02:32,LOC90,PONTO,PNT38,T,0.0,0.31,0.31,0.5,-0.5,C2026.1263.csv
11/05/2026,20:02:32,LOC91,PONTO,PNT39,T,0.0,0.26,0.26,0.5,-0.5,C2026.1263.csv
11/05/2026,20:02:32,LOC92,PONTO,PNT40,T,0.0,0.86,0.86,0.5,-0.5,C2026.1263.csv
11/05/2026,20:02:32,LOC93,PONTO,PNT41,T,0.0,0.65,0.65,0.5,-0.5,C2026.1263.csv
11/05/2026,20:02:32,LOC94,PONTO,PNT42,T,0.0,0.17,0.17,0.5,-0.5,C2026.1263.csv
11/05/2026,20:02:32,LOC95,PONTO,PNT43,T,0.0,0.51,0.51,0.5,-0.5,C2026.1263.csv
11/05/2026,20:02:32,LOC96,PONTO,PNT44,T,0.0,1.84,1.84,0.5,-0.5,C2026.1263.csv
11/05/2026,20:02:32,LOC97,PONTO,PNT45,T,0.0,0.4,0.4,0.5,-0.5,C2026.1263.csv
11/05/2026,20:02:32,LOC98,PONTO,PNT46,T,0.0,0.46,0.46,0.5,-0.5,C2026.1263.csv
11/05/2026,20:02:32,LOC99,PONTO,PNT47,T,0.0,-0.05,-0.05,0.5,-0.5,C2026.1263.csv
11/05/2026,20:02:32,LOC100,PONTO,PNT48,T,0.0,0.58,0.58,0.5,-0.5,C2026.1263.csv
11/05/2026,20:02:32,LOC101,PONTO,PNT49,T,0.0,-0.61,-0.61,0.5,-0.5,C2026.1263.csv
11/05/2026,20:02:32,LOC102,PONTO,PNT51,T,0.0,-0.82,-0.82,0.5,-0.5,C2026.1263.csv
11/05/2026,20:02:32,LOC103,PONTO,PNT52,T,0.0,-0.3,-0.3,0.5,-0.5,C2026.1263.csv
11/05/2026,20:02:32,LOC104,PONTO,PNT53,T,0.0,-1.06,-1.06,0.5,-0.5,C2026.1263.csv
11/05/2026,20:02:32,LOC105,PONTO,PNT54,T,0.0,-0.93,-0.93,0.5,-0.5,C2026.1263.csv
11/05/2026,20:02:32,LOC106,PONTO,PNT55,T,0.0,-1.04,-1.04,0.5,-0.5,C2026.1263.csv
11/05/2026,20:02:32,LOC107,PONTO,PNT56,T,0.0,-1.03,-1.03,0.5,-0.5,C2026.1263.csv
11/05/2026,20:02:32,LOC108,PONTO,PNT57,T,0.0,-1.45,-1.45,0.5,-0.5,C2026.1263.csv
11/05/2026,20:02:32,LOC109,PONTO,PNT58,T,0.0,0.03,0.03,0.5,-0.5,C2026.1263.csv
11/05/2026,20:02:32,LOC110,PONTO,PNT59,T,0.0,-0.24,-0.24,0.5,-0.5,C2026.1263.csv
11/05/2026,20:02:32,LOC111,PONTO,PNT60,T,0.0,-0.29,-0.29,0.5,-0.5,C2026.1263.csv
11/05/2026,20:02:32,LOC112,PONTO,PNT9 BORDA,T,0.0,0.78,0.78,0.5,-0.5,C2026.1263.csv
11/05/2026,20:02:32,LOC113,PONTO,PNT8 BORDA,T,0.0,0.49,0.49,0.5,-0.5,C2026.1263.csv
11/05/2026,20:02:32,LOC114,PONTO,PNT7 BORDA,T,0.0,-0.16,-0.16,0.5,-0.5,C2026.1263.csv
11/05/2026,20:02:32,LOC115,PONTO,PNT6 BORDA,T,0.0,-0.55,-0.55,0.5,-0.5,C2026.1263.csv
11/05/2026,20:02:32,LOC116,PONTO,PNT5 BORDA,T,0.0,-0.31,-0.31,0.5,-0.5,C2026.1263.csv
11/05/2026,20:02:32,LOC117,PONTO,PNT4 BORDA,T,0.0,-0.29,-0.29,0.5,-0.5,C2026.1263.csv
11/05/2026,20:02:32,LOC118,PONTO,PNT3 BORDA,T,0.0,-0.42,-0.42,0.5,-0.5,C2026.1263.csv
11/05/2026,20:02:32,LOC119,PONTO,PNT21 BORDA,T,0.0,0.09,0.09,0.5,-0.5,C2026.1263.csv
11/05/2026,20:02:32,LOC120,PONTO,PNT20 BORDA,T,0.0,-0.25,-0.25,0.5,-0.5,C2026.1263.csv
11/05/2026,20:02:32,LOC121,PONTO,PNT2 BORDA,T,0.0,-0.71,-0.71,0.5,-0.5,C2026.1263.csv
11/05/2026,20:02:32,LOC122,PONTO,PNT19 BORDA,T,0.0,-0.05,-0.05,0.5,-0.5,C2026.1263.csv
11/05/2026,20:02:32,LOC123,PONTO,PNT18 BORDA,T,0.0,-0.88,-0.88,0.5,-0.5,C2026.1263.csv
11/05/2026,20:02:32,LOC124,PONTO,PNT17 BORDA,T,0.0,-2.1,-2.1,0.5,-0.5,C2026.1263.csv
11/05/2026,20:02:32,LOC125,PONTO,PNT16 BORDA,T,0.0,-0.12,-0.12,0.5,-0.5,C2026.1263.csv
11/05/2026,20:02:32,LOC126,PONTO,PNT15 BPRDA,T,0.0,-1.72,-1.72,0.5,-0.5,C2026.1263.csv
11/05/2026,20:02:32,LOC127,PONTO,PNT14 BORDA,T,0.0,0.68,0.68,0.5,-0.5,C2026.1263.csv
11/05/2026,20:02:32,LOC128,PONTO,PNT13 BORDA,T,0.0,-0.81,-0.81,0.5,-0.5,C2026.1263.csv
11/05/2026,20:02:32,LOC129,PONTO,PNT12 BORDA,T,0.0,-0.06,-0.06,0.5,-0.5,C2026.1263.csv
11/05/2026,20:02:32,LOC130,PONTO,PNT11 BORDA,T,0.0,-0.08,-0.08,0.5,-0.5,C2026.1263.csv
11/05/2026,20:02:32,LOC131,PONTO,PNT10 BORDA,T,0.0,0.73,0.73,0.5,-0.5,C2026.1263.csv
11/05/2026,20:02:32,LOC132,PONTO,PNT1 BORDA,T,0.0,-1.96,-1.96,0.5,-0.5,C2026.1263.csv
13/05/2026,21:55:25,LOC23,CÍRCULO,28359,Y,830.08,829.06,-1.02,0.5,-0.5,C2026.1264.csv
13/05/2026,21:55:25,LOC23,CÍRCULO,28359,Z,273.81,273.12,-0.69,0.5,-0.5,C2026.1264.csv
13/05/2026,21:55:25,LOC62,CÍRCULO,28354,Y,821.91,823.66,1.75,0.5,-0.5,C2026.1264.csv
13/05/2026,21:55:25,LOC62,CÍRCULO,28354,Z,648.15,647.47,-0.68,0.5,-0.5,C2026.1264.csv
13/05/2026,21:55:25,LOC63,CÍRCULO,CÍR5,X,1575.12,1574.86,-0.26,0.5,-0.5,C2026.1264.csv
13/05/2026,21:55:25,LOC63,CÍRCULO,CÍR5,Y,778.0,777.05,-0.95,0.5,-0.5,C2026.1264.csv
13/05/2026,21:55:25,LOC63,CÍRCULO,CÍR5,Z,405.75,405.43,-0.32,0.5,-0.5,C2026.1264.csv
13/05/2026,21:55:25,LOC64,SLOT,SLTR1,X,1571.67,1571.4,-0.27,1.0,-1.0,C2026.1264.csv
13/05/2026,21:55:25,LOC64,SLOT,SLTR1,Y,778.96,777.7,-1.26,1.0,-1.0,C2026.1264.csv
13/05/2026,21:55:25,LOC64,SLOT,SLTR1,Z,361.9,361.57,-0.32,1.0,-1.0,C2026.1264.csv
13/05/2026,21:55:25,LOC65,CÍRCULO,CÍR4,X,1637.22,1635.78,-1.44,1.0,-1.0,C2026.1264.csv
13/05/2026,21:55:25,LOC65,CÍRCULO,CÍR4,Y,745.94,746.14,0.2,1.0,-1.0,C2026.1264.csv
13/05/2026,21:55:25,LOC65,CÍRCULO,CÍR4,Z,579.71,579.4,-0.31,1.0,-1.0,C2026.1264.csv
13/05/2026,21:55:25,LOC66,CÍRCULO,CÍR3,X,1622.23,1621.54,-0.69,1.0,-1.0,C2026.1264.csv
13/05/2026,21:55:25,LOC66,CÍRCULO,CÍR3,Y,750.37,749.43,-0.93,1.0,-1.0,C2026.1264.csv
13/05/2026,21:55:25,LOC66,CÍRCULO,CÍR3,Z,427.84,427.34,-0.49,1.0,-1.0,C2026.1264.csv
13/05/2026,21:55:25,LOC25,SLOT,SLTQ1,X,1607.11,1606.01,-1.1,1.0,-1.0,C2026.1264.csv
13/05/2026,21:55:25,LOC25,SLOT,SLTQ1,Y,770.84,770.61,-0.24,1.0,-1.0,C2026.1264.csv
13/05/2026,21:55:25,LOC25,SLOT,SLTQ1,Z,496.72,496.41,-0.31,1.0,-1.0,C2026.1264.csv
13/05/2026,21:55:25,DIST1,DIST,28354 → 28359,M,8.17,5.4,-2.77,0.8,-0.8,C2026.1264.csv
13/05/2026,21:55:25,DIST2,DIST,28359 → 28354,M,374.34,374.36,0.01,0.8,-0.8,C2026.1264.csv
13/05/2026,21:55:25,LOC67,PONTO,PNT15,T,0.0,0.05,0.05,0.5,-0.5,C2026.1264.csv
13/05/2026,21:55:25,LOC68,PONTO,PNT16,T,0.0,-0.07,-0.07,0.5,-0.5,C2026.1264.csv
13/05/2026,21:55:25,LOC69,PONTO,PNT17,T,0.0,0.35,0.35,0.5,-0.5,C2026.1264.csv
13/05/2026,21:55:25,LOC70,PONTO,PNT18,T,0.0,-0.08,-0.08,0.5,-0.5,C2026.1264.csv
13/05/2026,21:55:25,LOC71,PONTO,PNT19,T,0.0,-0.27,-0.27,0.5,-0.5,C2026.1264.csv
13/05/2026,21:55:25,LOC72,PONTO,PNT20,T,0.0,-0.13,-0.13,0.5,-0.5,C2026.1264.csv
13/05/2026,21:55:25,LOC73,PONTO,PNT21,T,0.0,0.02,0.02,0.5,-0.5,C2026.1264.csv
13/05/2026,21:55:25,LOC74,PONTO,PNT22,T,0.0,0.93,0.93,0.5,-0.5,C2026.1264.csv
13/05/2026,21:55:25,LOC75,PONTO,PNT23,T,0.0,0.19,0.19,0.5,-0.5,C2026.1264.csv
13/05/2026,21:55:25,LOC76,PONTO,PNT24,T,0.0,0.31,0.31,0.5,-0.5,C2026.1264.csv
13/05/2026,21:55:25,LOC77,PONTO,PNT25,T,0.0,0.1,0.1,0.5,-0.5,C2026.1264.csv
13/05/2026,21:55:25,LOC78,PONTO,PNT26,T,0.0,-0.1,-0.1,0.5,-0.5,C2026.1264.csv
13/05/2026,21:55:25,LOC79,PONTO,PNT27,T,0.0,-0.97,-0.97,0.5,-0.5,C2026.1264.csv
13/05/2026,21:55:25,LOC80,PONTO,PNT28,T,0.0,-0.81,-0.81,0.5,-0.5,C2026.1264.csv
13/05/2026,21:55:25,LOC81,PONTO,PNT29,T,0.0,-0.55,-0.55,0.5,-0.5,C2026.1264.csv
13/05/2026,21:55:25,LOC82,PONTO,PNT30,T,0.0,-0.2,-0.2,0.5,-0.5,C2026.1264.csv
13/05/2026,21:55:25,LOC83,PONTO,PNT31,T,0.0,-1.02,-1.02,0.5,-0.5,C2026.1264.csv
13/05/2026,21:55:25,LOC84,PONTO,PNT32,T,0.0,-0.1,-0.1,0.5,-0.5,C2026.1264.csv
13/05/2026,21:55:25,LOC85,PONTO,PNT33,T,0.0,-0.13,-0.13,0.5,-0.5,C2026.1264.csv
13/05/2026,21:55:25,LOC86,PONTO,PNT34,T,0.0,-0.07,-0.07,0.5,-0.5,C2026.1264.csv
13/05/2026,21:55:25,LOC87,PONTO,PNT35,T,0.0,0.12,0.12,0.5,-0.5,C2026.1264.csv
13/05/2026,21:55:25,LOC88,PONTO,PNT36,T,0.0,0.0,0.0,0.5,-0.5,C2026.1264.csv
13/05/2026,21:55:25,LOC89,PONTO,PNT37,T,0.0,-0.14,-0.14,0.5,-0.5,C2026.1264.csv
13/05/2026,21:55:25,LOC90,PONTO,PNT38,T,0.0,0.31,0.31,0.5,-0.5,C2026.1264.csv
13/05/2026,21:55:25,LOC91,PONTO,PNT39,T,0.0,0.22,0.22,0.5,-0.5,C2026.1264.csv
13/05/2026,21:55:25,LOC92,PONTO,PNT40,T,0.0,0.84,0.84,0.5,-0.5,C2026.1264.csv
13/05/2026,21:55:25,LOC93,PONTO,PNT41,T,0.0,0.58,0.58,0.5,-0.5,C2026.1264.csv
13/05/2026,21:55:25,LOC94,PONTO,PNT42,T,0.0,0.19,0.19,0.5,-0.5,C2026.1264.csv
13/05/2026,21:55:25,LOC95,PONTO,PNT43,T,0.0,0.49,0.49,0.5,-0.5,C2026.1264.csv
13/05/2026,21:55:25,LOC96,PONTO,PNT44,T,0.0,1.85,1.85,0.5,-0.5,C2026.1264.csv
13/05/2026,21:55:25,LOC97,PONTO,PNT45,T,0.0,0.39,0.39,0.5,-0.5,C2026.1264.csv
13/05/2026,21:55:25,LOC98,PONTO,PNT46,T,0.0,0.44,0.44,0.5,-0.5,C2026.1264.csv
13/05/2026,21:55:25,LOC99,PONTO,PNT47,T,0.0,-0.1,-0.1,0.5,-0.5,C2026.1264.csv
13/05/2026,21:55:25,LOC100,PONTO,PNT48,T,0.0,0.54,0.54,0.5,-0.5,C2026.1264.csv
13/05/2026,21:55:25,LOC101,PONTO,PNT49,T,0.0,-0.66,-0.66,0.5,-0.5,C2026.1264.csv
13/05/2026,21:55:25,LOC102,PONTO,PNT51,T,0.0,-0.85,-0.85,0.5,-0.5,C2026.1264.csv
13/05/2026,21:55:25,LOC103,PONTO,PNT52,T,0.0,-0.33,-0.33,0.5,-0.5,C2026.1264.csv
13/05/2026,21:55:25,LOC104,PONTO,PNT53,T,0.0,-1.06,-1.06,0.5,-0.5,C2026.1264.csv
13/05/2026,21:55:25,LOC105,PONTO,PNT54,T,0.0,-0.95,-0.95,0.5,-0.5,C2026.1264.csv
13/05/2026,21:55:25,LOC106,PONTO,PNT55,T,0.0,-1.07,-1.07,0.5,-0.5,C2026.1264.csv
13/05/2026,21:55:25,LOC107,PONTO,PNT56,T,0.0,-1.08,-1.08,0.5,-0.5,C2026.1264.csv
13/05/2026,21:55:25,LOC108,PONTO,PNT57,T,0.0,-1.51,-1.51,0.5,-0.5,C2026.1264.csv
13/05/2026,21:55:25,LOC109,PONTO,PNT58,T,0.0,0.04,0.04,0.5,-0.5,C2026.1264.csv
13/05/2026,21:55:25,LOC110,PONTO,PNT59,T,0.0,-0.25,-0.25,0.5,-0.5,C2026.1264.csv
13/05/2026,21:55:25,LOC111,PONTO,PNT60,T,0.0,-0.26,-0.26,0.5,-0.5,C2026.1264.csv
13/05/2026,21:55:25,LOC112,PONTO,PNT9 BORDA,T,0.0,0.73,0.73,0.5,-0.5,C2026.1264.csv
13/05/2026,21:55:25,LOC113,PONTO,PNT8 BORDA,T,0.0,0.44,0.44,0.5,-0.5,C2026.1264.csv
13/05/2026,21:55:25,LOC114,PONTO,PNT7 BORDA,T,0.0,-0.2,-0.2,0.5,-0.5,C2026.1264.csv
13/05/2026,21:55:25,LOC115,PONTO,PNT6 BORDA,T,0.0,-0.58,-0.58,0.5,-0.5,C2026.1264.csv
13/05/2026,21:55:25,LOC116,PONTO,PNT5 BORDA,T,0.0,-0.34,-0.34,0.5,-0.5,C2026.1264.csv
13/05/2026,21:55:25,LOC117,PONTO,PNT4 BORDA,T,0.0,-0.32,-0.32,0.5,-0.5,C2026.1264.csv
13/05/2026,21:55:25,LOC118,PONTO,PNT3 BORDA,T,0.0,-0.47,-0.47,0.5,-0.5,C2026.1264.csv
13/05/2026,21:55:25,LOC119,PONTO,PNT21 BORDA,T,0.0,-0.05,-0.05,0.5,-0.5,C2026.1264.csv
13/05/2026,21:55:25,LOC120,PONTO,PNT20 BORDA,T,0.0,-0.31,-0.31,0.5,-0.5,C2026.1264.csv
13/05/2026,21:55:25,LOC121,PONTO,PNT2 BORDA,T,0.0,-0.76,-0.76,0.5,-0.5,C2026.1264.csv
13/05/2026,21:55:25,LOC122,PONTO,PNT19 BORDA,T,0.0,-0.09,-0.09,0.5,-0.5,C2026.1264.csv
13/05/2026,21:55:25,LOC123,PONTO,PNT18 BORDA,T,0.0,-0.85,-0.85,0.5,-0.5,C2026.1264.csv
13/05/2026,21:55:25,LOC124,PONTO,PNT17 BORDA,T,0.0,-2.07,-2.07,0.5,-0.5,C2026.1264.csv
13/05/2026,21:55:25,LOC125,PONTO,PNT16 BORDA,T,0.0,-0.12,-0.12,0.5,-0.5,C2026.1264.csv
13/05/2026,21:55:25,LOC126,PONTO,PNT15 BPRDA,T,0.0,-1.7,-1.7,0.5,-0.5,C2026.1264.csv
13/05/2026,21:55:25,LOC127,PONTO,PNT14 BORDA,T,0.0,0.64,0.64,0.5,-0.5,C2026.1264.csv
13/05/2026,21:55:25,LOC128,PONTO,PNT13 BORDA,T,0.0,-0.82,-0.82,0.5,-0.5,C2026.1264.csv
13/05/2026,21:55:25,LOC129,PONTO,PNT12 BORDA,T,0.0,-0.07,-0.07,0.5,-0.5,C2026.1264.csv
13/05/2026,21:55:25,LOC130,PONTO,PNT11 BORDA,T,0.0,-0.07,-0.07,0.5,-0.5,C2026.1264.csv
13/05/2026,21:55:25,LOC131,PONTO,PNT10 BORDA,T,0.0,0.73,0.73,0.5,-0.5,C2026.1264.csv
13/05/2026,21:55:25,LOC132,PONTO,PNT1 BORDA,T,0.0,-2.02,-2.02,0.5,-0.5,C2026.1264.csv
15/05/2026,22:15:39,LOC23,CÍRCULO,28359,Y,830.08,828.61,-1.47,0.5,-0.5,C2026.1265.csv
15/05/2026,22:15:39,LOC23,CÍRCULO,28359,Z,273.81,274.02,0.21,0.5,-0.5,C2026.1265.csv
15/05/2026,22:15:39,LOC62,CÍRCULO,28354,Y,821.91,823.6,1.69,0.5,-0.5,C2026.1265.csv
15/05/2026,22:15:39,LOC62,CÍRCULO,28354,Z,648.15,647.77,-0.38,0.5,-0.5,C2026.1265.csv
15/05/2026,22:15:39,LOC63,CÍRCULO,CÍR5,X,1575.12,1574.75,-0.37,0.5,-0.5,C2026.1265.csv
15/05/2026,22:15:39,LOC63,CÍRCULO,CÍR5,Y,778.0,777.15,-0.85,0.5,-0.5,C2026.1265.csv
15/05/2026,22:15:39,LOC63,CÍRCULO,CÍR5,Z,405.75,405.86,0.11,0.5,-0.5,C2026.1265.csv
15/05/2026,22:15:39,LOC64,SLOT,SLTR1,X,1571.67,1571.38,-0.3,1.0,-1.0,C2026.1265.csv
15/05/2026,22:15:39,LOC64,SLOT,SLTR1,Y,778.96,777.82,-1.14,1.0,-1.0,C2026.1265.csv
15/05/2026,22:15:39,LOC64,SLOT,SLTR1,Z,361.9,362.0,0.11,1.0,-1.0,C2026.1265.csv
15/05/2026,22:15:39,LOC65,CÍRCULO,CÍR4,X,1637.22,1635.87,-1.35,1.0,-1.0,C2026.1265.csv
15/05/2026,22:15:39,LOC65,CÍRCULO,CÍR4,Y,745.94,746.03,0.1,1.0,-1.0,C2026.1265.csv
15/05/2026,22:15:39,LOC65,CÍRCULO,CÍR4,Z,579.71,579.84,0.13,1.0,-1.0,C2026.1265.csv
15/05/2026,22:15:39,LOC66,CÍRCULO,CÍR3,X,1622.23,1621.71,-0.51,1.0,-1.0,C2026.1265.csv
15/05/2026,22:15:39,LOC66,CÍRCULO,CÍR3,Y,750.37,749.73,-0.64,1.0,-1.0,C2026.1265.csv
15/05/2026,22:15:39,LOC66,CÍRCULO,CÍR3,Z,427.84,427.7,-0.14,1.0,-1.0,C2026.1265.csv
15/05/2026,22:15:39,LOC25,SLOT,SLTQ1,X,1607.11,1606.26,-0.85,1.0,-1.0,C2026.1265.csv
15/05/2026,22:15:39,LOC25,SLOT,SLTQ1,Y,770.84,770.54,-0.3,1.0,-1.0,C2026.1265.csv
15/05/2026,22:15:39,LOC25,SLOT,SLTQ1,Z,496.72,496.82,0.1,1.0,-1.0,C2026.1265.csv
15/05/2026,22:15:39,DIST1,DIST,28354 → 28359,M,8.17,5.01,-3.16,0.8,-0.8,C2026.1265.csv
15/05/2026,22:15:39,DIST2,DIST,28359 → 28354,M,374.34,373.75,-0.59,0.8,-0.8,C2026.1265.csv
15/05/2026,22:15:39,LOC67,PONTO,PNT15,T,0.0,0.17,0.17,0.5,-0.5,C2026.1265.csv
15/05/2026,22:15:39,LOC68,PONTO,PNT16,T,0.0,-0.13,-0.13,0.5,-0.5,C2026.1265.csv
15/05/2026,22:15:39,LOC69,PONTO,PNT17,T,0.0,0.32,0.32,0.5,-0.5,C2026.1265.csv
15/05/2026,22:15:39,LOC70,PONTO,PNT18,T,0.0,-0.06,-0.06,0.5,-0.5,C2026.1265.csv
15/05/2026,22:15:39,LOC71,PONTO,PNT19,T,0.0,-0.31,-0.31,0.5,-0.5,C2026.1265.csv
15/05/2026,22:15:39,LOC72,PONTO,PNT20,T,0.0,-0.14,-0.14,0.5,-0.5,C2026.1265.csv
15/05/2026,22:15:39,LOC73,PONTO,PNT21,T,0.0,-0.03,-0.03,0.5,-0.5,C2026.1265.csv
15/05/2026,22:15:39,LOC74,PONTO,PNT22,T,0.0,0.81,0.81,0.5,-0.5,C2026.1265.csv
15/05/2026,22:15:39,LOC75,PONTO,PNT23,T,0.0,0.16,0.16,0.5,-0.5,C2026.1265.csv
15/05/2026,22:15:39,LOC76,PONTO,PNT24,T,0.0,0.32,0.32,0.5,-0.5,C2026.1265.csv
15/05/2026,22:15:39,LOC77,PONTO,PNT25,T,0.0,0.17,0.17,0.5,-0.5,C2026.1265.csv
15/05/2026,22:15:39,LOC78,PONTO,PNT26,T,0.0,-0.19,-0.19,0.5,-0.5,C2026.1265.csv
15/05/2026,22:15:39,LOC79,PONTO,PNT27,T,0.0,-0.94,-0.94,0.5,-0.5,C2026.1265.csv
15/05/2026,22:15:39,LOC80,PONTO,PNT28,T,0.0,-0.83,-0.83,0.5,-0.5,C2026.1265.csv
15/05/2026,22:15:39,LOC81,PONTO,PNT29,T,0.0,-0.57,-0.57,0.5,-0.5,C2026.1265.csv
15/05/2026,22:15:39,LOC82,PONTO,PNT30,T,0.0,-0.22,-0.22,0.5,-0.5,C2026.1265.csv
15/05/2026,22:15:39,LOC83,PONTO,PNT31,T,0.0,-0.77,-0.77,0.5,-0.5,C2026.1265.csv
15/05/2026,22:15:39,LOC84,PONTO,PNT32,T,0.0,0.04,0.04,0.5,-0.5,C2026.1265.csv
15/05/2026,22:15:39,LOC85,PONTO,PNT33,T,0.0,-0.06,-0.06,0.5,-0.5,C2026.1265.csv
15/05/2026,22:15:39,LOC86,PONTO,PNT34,T,0.0,0.01,0.01,0.5,-0.5,C2026.1265.csv
15/05/2026,22:15:39,LOC87,PONTO,PNT35,T,0.0,0.24,0.24,0.5,-0.5,C2026.1265.csv
15/05/2026,22:15:39,LOC88,PONTO,PNT36,T,0.0,0.05,0.05,0.5,-0.5,C2026.1265.csv
15/05/2026,22:15:39,LOC89,PONTO,PNT37,T,0.0,0.01,0.01,0.5,-0.5,C2026.1265.csv
15/05/2026,22:15:39,LOC90,PONTO,PNT38,T,0.0,0.23,0.23,0.5,-0.5,C2026.1265.csv
15/05/2026,22:15:39,LOC91,PONTO,PNT39,T,0.0,0.1,0.1,0.5,-0.5,C2026.1265.csv
15/05/2026,22:15:39,LOC92,PONTO,PNT40,T,0.0,0.88,0.88,0.5,-0.5,C2026.1265.csv
15/05/2026,22:15:39,LOC93,PONTO,PNT41,T,0.0,0.57,0.57,0.5,-0.5,C2026.1265.csv
15/05/2026,22:15:39,LOC94,PONTO,PNT42,T,0.0,-0.03,-0.03,0.5,-0.5,C2026.1265.csv
15/05/2026,22:15:39,LOC95,PONTO,PNT43,T,0.0,0.37,0.37,0.5,-0.5,C2026.1265.csv
15/05/2026,22:15:39,LOC96,PONTO,PNT44,T,0.0,1.7,1.7,0.5,-0.5,C2026.1265.csv
15/05/2026,22:15:39,LOC97,PONTO,PNT45,T,0.0,0.36,0.36,0.5,-0.5,C2026.1265.csv
15/05/2026,22:15:39,LOC98,PONTO,PNT46,T,0.0,0.34,0.34,0.5,-0.5,C2026.1265.csv
15/05/2026,22:15:39,LOC99,PONTO,PNT47,T,0.0,-0.27,-0.27,0.5,-0.5,C2026.1265.csv
15/05/2026,22:15:39,LOC100,PONTO,PNT48,T,0.0,0.45,0.45,0.5,-0.5,C2026.1265.csv
15/05/2026,22:15:39,LOC101,PONTO,PNT49,T,0.0,-0.63,-0.63,0.5,-0.5,C2026.1265.csv
15/05/2026,22:15:39,LOC102,PONTO,PNT51,T,0.0,-0.85,-0.85,0.5,-0.5,C2026.1265.csv
15/05/2026,22:15:39,LOC103,PONTO,PNT52,T,0.0,-0.39,-0.39,0.5,-0.5,C2026.1265.csv
15/05/2026,22:15:39,LOC104,PONTO,PNT53,T,0.0,-1.06,-1.06,0.5,-0.5,C2026.1265.csv
15/05/2026,22:15:39,LOC105,PONTO,PNT54,T,0.0,-0.78,-0.78,0.5,-0.5,C2026.1265.csv
15/05/2026,22:15:39,LOC106,PONTO,PNT55,T,0.0,-0.9,-0.9,0.5,-0.5,C2026.1265.csv
15/05/2026,22:15:39,LOC107,PONTO,PNT56,T,0.0,-0.85,-0.85,0.5,-0.5,C2026.1265.csv
15/05/2026,22:15:39,LOC108,PONTO,PNT57,T,0.0,-1.39,-1.39,0.5,-0.5,C2026.1265.csv
15/05/2026,22:15:39,LOC109,PONTO,PNT58,T,0.0,0.02,0.02,0.5,-0.5,C2026.1265.csv
15/05/2026,22:15:39,LOC110,PONTO,PNT59,T,0.0,0.08,0.08,0.5,-0.5,C2026.1265.csv
15/05/2026,22:15:39,LOC111,PONTO,PNT60,T,0.0,0.08,0.08,0.5,-0.5,C2026.1265.csv
15/05/2026,22:15:39,LOC112,PONTO,PNT9 BORDA,T,0.0,1.15,1.15,0.5,-0.5,C2026.1265.csv
15/05/2026,22:15:39,LOC113,PONTO,PNT8 BORDA,T,0.0,0.42,0.42,0.5,-0.5,C2026.1265.csv
15/05/2026,22:15:39,LOC114,PONTO,PNT7 BORDA,T,0.0,-0.03,-0.03,0.5,-0.5,C2026.1265.csv
15/05/2026,22:15:39,LOC115,PONTO,PNT6 BORDA,T,0.0,-0.36,-0.36,0.5,-0.5,C2026.1265.csv
15/05/2026,22:15:39,LOC116,PONTO,PNT5 BORDA,T,0.0,-0.06,-0.06,0.5,-0.5,C2026.1265.csv
15/05/2026,22:15:39,LOC117,PONTO,PNT4 BORDA,T,0.0,-0.11,-0.11,0.5,-0.5,C2026.1265.csv
15/05/2026,22:15:39,LOC118,PONTO,PNT3 BORDA,T,0.0,-0.21,-0.21,0.5,-0.5,C2026.1265.csv
15/05/2026,22:15:39,LOC119,PONTO,PNT21 BORDA,T,0.0,-0.47,-0.47,0.5,-0.5,C2026.1265.csv
15/05/2026,22:15:39,LOC120,PONTO,PNT20 BORDA,T,0.0,-0.46,-0.46,0.5,-0.5,C2026.1265.csv
15/05/2026,22:15:39,LOC121,PONTO,PNT2 BORDA,T,0.0,-0.65,-0.65,0.5,-0.5,C2026.1265.csv
15/05/2026,22:15:39,LOC122,PONTO,PNT19 BORDA,T,0.0,-0.29,-0.29,0.5,-0.5,C2026.1265.csv
15/05/2026,22:15:39,LOC123,PONTO,PNT18 BORDA,T,0.0,-0.53,-0.53,0.5,-0.5,C2026.1265.csv
15/05/2026,22:15:39,LOC124,PONTO,PNT17 BORDA,T,0.0,-2.12,-2.12,0.5,-0.5,C2026.1265.csv
15/05/2026,22:15:39,LOC125,PONTO,PNT16 BORDA,T,0.0,0.27,0.27,0.5,-0.5,C2026.1265.csv
15/05/2026,22:15:39,LOC126,PONTO,PNT15 BPRDA,T,0.0,-1.28,-1.28,0.5,-0.5,C2026.1265.csv
15/05/2026,22:15:39,LOC127,PONTO,PNT14 BORDA,T,0.0,0.67,0.67,0.5,-0.5,C2026.1265.csv
15/05/2026,22:15:39,LOC128,PONTO,PNT13 BORDA,T,0.0,-0.67,-0.67,0.5,-0.5,C2026.1265.csv
15/05/2026,22:15:39,LOC129,PONTO,PNT12 BORDA,T,0.0,-0.53,-0.53,0.5,-0.5,C2026.1265.csv
15/05/2026,22:15:39,LOC130,PONTO,PNT11 BORDA,T,0.0,-0.47,-0.47,0.5,-0.5,C2026.1265.csv
15/05/2026,22:15:39,LOC131,PONTO,PNT10 BORDA,T,0.0,0.7,0.7,0.5,-0.5,C2026.1265.csv
15/05/2026,22:15:39,LOC132,PONTO,PNT1 BORDA,T,0.0,-1.93,-1.93,0.5,-0.5,C2026.1265.csv
18/05/2026,20:18:58,LOC23,CÍRCULO,28359,Y,830.08,829.34,-0.73,0.5,-0.5,C2026.1326.csv
18/05/2026,20:18:58,LOC23,CÍRCULO,28359,Z,273.81,273.46,-0.35,0.5,-0.5,C2026.1326.csv
18/05/2026,20:18:58,LOC62,CÍRCULO,28354,Y,821.91,823.05,1.14,0.5,-0.5,C2026.1326.csv
18/05/2026,20:18:58,LOC62,CÍRCULO,28354,Z,648.15,647.57,-0.58,0.5,-0.5,C2026.1326.csv
18/05/2026,20:18:58,LOC63,CÍRCULO,CÍR5,X,1575.12,1574.57,-0.55,0.5,-0.5,C2026.1326.csv
18/05/2026,20:18:58,LOC63,CÍRCULO,CÍR5,Y,778.0,777.12,-0.89,0.5,-0.5,C2026.1326.csv
18/05/2026,20:18:58,LOC63,CÍRCULO,CÍR5,Z,405.75,405.78,0.03,0.5,-0.5,C2026.1326.csv
18/05/2026,20:18:58,LOC64,SLOT,SLTR1,X,1571.67,1571.22,-0.45,1.0,-1.0,C2026.1326.csv
18/05/2026,20:18:58,LOC64,SLOT,SLTR1,Y,778.96,777.78,-1.18,1.0,-1.0,C2026.1326.csv
18/05/2026,20:18:58,LOC64,SLOT,SLTR1,Z,361.9,361.91,0.02,1.0,-1.0,C2026.1326.csv
18/05/2026,20:18:58,LOC65,CÍRCULO,CÍR4,X,1637.22,1635.49,-1.73,1.0,-1.0,C2026.1326.csv
18/05/2026,20:18:58,LOC65,CÍRCULO,CÍR4,Y,745.94,746.03,0.1,1.0,-1.0,C2026.1326.csv
18/05/2026,20:18:58,LOC65,CÍRCULO,CÍR4,Z,579.71,579.86,0.15,1.0,-1.0,C2026.1326.csv
18/05/2026,20:18:58,LOC66,CÍRCULO,CÍR3,X,1622.23,1621.29,-0.93,1.0,-1.0,C2026.1326.csv
18/05/2026,20:18:58,LOC66,CÍRCULO,CÍR3,Y,750.37,749.38,-0.98,1.0,-1.0,C2026.1326.csv
18/05/2026,20:18:58,LOC66,CÍRCULO,CÍR3,Z,427.84,427.7,-0.14,1.0,-1.0,C2026.1326.csv
18/05/2026,20:18:58,LOC25,SLOT,SLTQ1,X,1607.11,1605.86,-1.24,1.0,-1.0,C2026.1326.csv
18/05/2026,20:18:58,LOC25,SLOT,SLTQ1,Y,770.84,770.55,-0.3,1.0,-1.0,C2026.1326.csv
18/05/2026,20:18:58,LOC25,SLOT,SLTQ1,Z,496.72,496.83,0.11,1.0,-1.0,C2026.1326.csv
18/05/2026,20:18:58,DIST1,DIST,28354 → 28359,M,8.17,6.29,-1.87,0.8,-0.8,C2026.1326.csv
18/05/2026,20:18:58,DIST2,DIST,28359 → 28354,M,374.34,374.11,-0.24,0.8,-0.8,C2026.1326.csv
18/05/2026,20:18:58,LOC67,PONTO,PNT15,T,0.0,-0.13,-0.13,0.5,-0.5,C2026.1326.csv
18/05/2026,20:18:58,LOC68,PONTO,PNT16,T,0.0,0.02,0.02,0.5,-0.5,C2026.1326.csv
18/05/2026,20:18:58,LOC69,PONTO,PNT17,T,0.0,0.49,0.49,0.5,-0.5,C2026.1326.csv
18/05/2026,20:18:58,LOC70,PONTO,PNT18,T,0.0,0.22,0.22,0.5,-0.5,C2026.1326.csv
18/05/2026,20:18:58,LOC71,PONTO,PNT19,T,0.0,-0.2,-0.2,0.5,-0.5,C2026.1326.csv
18/05/2026,20:18:58,LOC72,PONTO,PNT20,T,0.0,-0.03,-0.03,0.5,-0.5,C2026.1326.csv
18/05/2026,20:18:58,LOC73,PONTO,PNT21,T,0.0,0.12,0.12,0.5,-0.5,C2026.1326.csv
18/05/2026,20:18:58,LOC74,PONTO,PNT22,T,0.0,0.66,0.66,0.5,-0.5,C2026.1326.csv
18/05/2026,20:18:58,LOC75,PONTO,PNT23,T,0.0,0.1,0.1,0.5,-0.5,C2026.1326.csv
18/05/2026,20:18:58,LOC76,PONTO,PNT24,T,0.0,0.2,0.2,0.5,-0.5,C2026.1326.csv
18/05/2026,20:18:58,LOC77,PONTO,PNT25,T,0.0,0.1,0.1,0.5,-0.5,C2026.1326.csv
18/05/2026,20:18:58,LOC78,PONTO,PNT26,T,0.0,-0.09,-0.09,0.5,-0.5,C2026.1326.csv
18/05/2026,20:18:58,LOC79,PONTO,PNT27,T,0.0,-1.0,-1.0,0.5,-0.5,C2026.1326.csv
18/05/2026,20:18:58,LOC80,PONTO,PNT28,T,0.0,-0.7,-0.7,0.5,-0.5,C2026.1326.csv
18/05/2026,20:18:58,LOC81,PONTO,PNT29,T,0.0,-0.71,-0.71,0.5,-0.5,C2026.1326.csv
18/05/2026,20:18:58,LOC82,PONTO,PNT30,T,0.0,-0.31,-0.31,0.5,-0.5,C2026.1326.csv
18/05/2026,20:18:58,LOC83,PONTO,PNT31,T,0.0,-0.96,-0.96,0.5,-0.5,C2026.1326.csv
18/05/2026,20:18:58,LOC84,PONTO,PNT32,T,0.0,-0.11,-0.11,0.5,-0.5,C2026.1326.csv
18/05/2026,20:18:58,LOC85,PONTO,PNT33,T,0.0,-0.17,-0.17,0.5,-0.5,C2026.1326.csv
18/05/2026,20:18:58,LOC86,PONTO,PNT34,T,0.0,-0.1,-0.1,0.5,-0.5,C2026.1326.csv
18/05/2026,20:18:58,LOC87,PONTO,PNT35,T,0.0,0.2,0.2,0.5,-0.5,C2026.1326.csv
18/05/2026,20:18:58,LOC88,PONTO,PNT36,T,0.0,0.02,0.02,0.5,-0.5,C2026.1326.csv
18/05/2026,20:18:58,LOC89,PONTO,PNT37,T,0.0,-0.02,-0.02,0.5,-0.5,C2026.1326.csv
18/05/2026,20:18:58,LOC90,PONTO,PNT38,T,0.0,0.23,0.23,0.5,-0.5,C2026.1326.csv
18/05/2026,20:18:58,LOC91,PONTO,PNT39,T,0.0,-0.09,-0.09,0.5,-0.5,C2026.1326.csv
18/05/2026,20:18:58,LOC92,PONTO,PNT40,T,0.0,0.61,0.61,0.5,-0.5,C2026.1326.csv
18/05/2026,20:18:58,LOC93,PONTO,PNT41,T,0.0,0.2,0.2,0.5,-0.5,C2026.1326.csv
18/05/2026,20:18:58,LOC94,PONTO,PNT42,T,0.0,-0.03,-0.03,0.5,-0.5,C2026.1326.csv
18/05/2026,20:18:58,LOC95,PONTO,PNT43,T,0.0,0.22,0.22,0.5,-0.5,C2026.1326.csv
18/05/2026,20:18:58,LOC96,PONTO,PNT44,T,0.0,1.49,1.49,0.5,-0.5,C2026.1326.csv
18/05/2026,20:18:58,LOC97,PONTO,PNT45,T,0.0,0.19,0.19,0.5,-0.5,C2026.1326.csv
18/05/2026,20:18:58,LOC98,PONTO,PNT46,T,0.0,0.22,0.22,0.5,-0.5,C2026.1326.csv
18/05/2026,20:18:58,LOC99,PONTO,PNT47,T,0.0,-0.33,-0.33,0.5,-0.5,C2026.1326.csv
18/05/2026,20:18:58,LOC100,PONTO,PNT48,T,0.0,0.29,0.29,0.5,-0.5,C2026.1326.csv
18/05/2026,20:18:58,LOC101,PONTO,PNT49,T,0.0,-0.84,-0.84,0.5,-0.5,C2026.1326.csv
18/05/2026,20:18:58,LOC102,PONTO,PNT51,T,0.0,-1.17,-1.17,0.5,-0.5,C2026.1326.csv
18/05/2026,20:18:58,LOC103,PONTO,PNT52,T,0.0,-0.56,-0.56,0.5,-0.5,C2026.1326.csv
18/05/2026,20:18:58,LOC104,PONTO,PNT53,T,0.0,-1.22,-1.22,0.5,-0.5,C2026.1326.csv
18/05/2026,20:18:58,LOC105,PONTO,PNT54,T,0.0,-0.97,-0.97,0.5,-0.5,C2026.1326.csv
18/05/2026,20:18:58,LOC106,PONTO,PNT55,T,0.0,-1.25,-1.25,0.5,-0.5,C2026.1326.csv
18/05/2026,20:18:58,LOC107,PONTO,PNT56,T,0.0,-1.09,-1.09,0.5,-0.5,C2026.1326.csv
18/05/2026,20:18:58,LOC108,PONTO,PNT57,T,0.0,-1.71,-1.71,0.5,-0.5,C2026.1326.csv
18/05/2026,20:18:58,LOC109,PONTO,PNT58,T,0.0,0.03,0.03,0.5,-0.5,C2026.1326.csv
18/05/2026,20:18:58,LOC110,PONTO,PNT59,T,0.0,-0.07,-0.07,0.5,-0.5,C2026.1326.csv
18/05/2026,20:18:58,LOC111,PONTO,PNT60,T,0.0,0.06,0.06,0.5,-0.5,C2026.1326.csv
18/05/2026,20:18:58,LOC112,PONTO,PNT9 BORDA,T,0.0,0.56,0.56,0.5,-0.5,C2026.1326.csv
18/05/2026,20:18:58,LOC113,PONTO,PNT8 BORDA,T,0.0,0.15,0.15,0.5,-0.5,C2026.1326.csv
18/05/2026,20:18:58,LOC114,PONTO,PNT7 BORDA,T,0.0,-0.51,-0.51,0.5,-0.5,C2026.1326.csv
18/05/2026,20:18:58,LOC115,PONTO,PNT6 BORDA,T,0.0,-0.76,-0.76,0.5,-0.5,C2026.1326.csv
18/05/2026,20:18:58,LOC116,PONTO,PNT5 BORDA,T,0.0,-0.5,-0.5,0.5,-0.5,C2026.1326.csv
18/05/2026,20:18:58,LOC117,PONTO,PNT4 BORDA,T,0.0,-0.47,-0.47,0.5,-0.5,C2026.1326.csv
18/05/2026,20:18:58,LOC118,PONTO,PNT3 BORDA,T,0.0,-0.63,-0.63,0.5,-0.5,C2026.1326.csv
18/05/2026,20:18:58,LOC119,PONTO,PNT21 BORDA,T,0.0,0.16,0.16,0.5,-0.5,C2026.1326.csv
18/05/2026,20:18:58,LOC120,PONTO,PNT20 BORDA,T,0.0,-0.24,-0.24,0.5,-0.5,C2026.1326.csv
18/05/2026,20:18:58,LOC121,PONTO,PNT2 BORDA,T,0.0,-1.03,-1.03,0.5,-0.5,C2026.1326.csv
18/05/2026,20:18:58,LOC122,PONTO,PNT19 BORDA,T,0.0,-0.1,-0.1,0.5,-0.5,C2026.1326.csv
18/05/2026,20:18:58,LOC123,PONTO,PNT18 BORDA,T,0.0,-0.64,-0.64,0.5,-0.5,C2026.1326.csv
18/05/2026,20:18:58,LOC124,PONTO,PNT17 BORDA,T,0.0,-2.08,-2.08,0.5,-0.5,C2026.1326.csv
18/05/2026,20:18:58,LOC125,PONTO,PNT16 BORDA,T,0.0,0.12,0.12,0.5,-0.5,C2026.1326.csv
18/05/2026,20:18:58,LOC126,PONTO,PNT15 BPRDA,T,0.0,-1.41,-1.41,0.5,-0.5,C2026.1326.csv
18/05/2026,20:18:58,LOC127,PONTO,PNT14 BORDA,T,0.0,0.74,0.74,0.5,-0.5,C2026.1326.csv
18/05/2026,20:18:58,LOC128,PONTO,PNT13 BORDA,T,0.0,-0.64,-0.64,0.5,-0.5,C2026.1326.csv
18/05/2026,20:18:58,LOC129,PONTO,PNT12 BORDA,T,0.0,-0.43,-0.43,0.5,-0.5,C2026.1326.csv
18/05/2026,20:18:58,LOC130,PONTO,PNT11 BORDA,T,0.0,-0.31,-0.31,0.5,-0.5,C2026.1326.csv
18/05/2026,20:18:58,LOC131,PONTO,PNT10 BORDA,T,0.0,0.88,0.88,0.5,-0.5,C2026.1326.csv
18/05/2026,20:18:58,LOC132,PONTO,PNT1 BORDA,T,0.0,-2.35,-2.35,0.5,-0.5,C2026.1326.csv
20/05/2026,20:18:58,LOC23,CÍRCULO,28359,Y,830.08,829.34,-0.74,0.5,-0.5,C2026.1327.csv
20/05/2026,20:18:58,LOC23,CÍRCULO,28359,Z,273.81,273.44,-0.37,0.5,-0.5,C2026.1327.csv
20/05/2026,20:18:58,LOC62,CÍRCULO,28354,Y,821.91,823.2,1.29,0.5,-0.5,C2026.1327.csv
20/05/2026,20:18:58,LOC62,CÍRCULO,28354,Z,648.15,647.53,-0.62,0.5,-0.5,C2026.1327.csv
20/05/2026,20:18:58,LOC63,CÍRCULO,CÍR5,X,1575.12,1574.71,-0.42,0.5,-0.5,C2026.1327.csv
20/05/2026,20:18:58,LOC63,CÍRCULO,CÍR5,Y,778.0,777.19,-0.81,0.5,-0.5,C2026.1327.csv
20/05/2026,20:18:58,LOC63,CÍRCULO,CÍR5,Z,405.75,405.78,0.03,0.5,-0.5,C2026.1327.csv
20/05/2026,20:18:58,LOC64,SLOT,SLTR1,X,1571.67,1571.37,-0.31,1.0,-1.0,C2026.1327.csv
20/05/2026,20:18:58,LOC64,SLOT,SLTR1,Y,778.96,777.84,-1.12,1.0,-1.0,C2026.1327.csv
20/05/2026,20:18:58,LOC64,SLOT,SLTR1,Z,361.9,361.91,0.02,1.0,-1.0,C2026.1327.csv
20/05/2026,20:18:58,LOC65,CÍRCULO,CÍR4,X,1637.22,1635.55,-1.67,1.0,-1.0,C2026.1327.csv
20/05/2026,20:18:58,LOC65,CÍRCULO,CÍR4,Y,745.94,746.05,0.11,1.0,-1.0,C2026.1327.csv
20/05/2026,20:18:58,LOC65,CÍRCULO,CÍR4,Z,579.71,579.88,0.17,1.0,-1.0,C2026.1327.csv
20/05/2026,20:18:58,LOC66,CÍRCULO,CÍR3,X,1622.23,1621.46,-0.76,1.0,-1.0,C2026.1327.csv
20/05/2026,20:18:58,LOC66,CÍRCULO,CÍR3,Y,750.37,749.55,-0.82,1.0,-1.0,C2026.1327.csv
20/05/2026,20:18:58,LOC66,CÍRCULO,CÍR3,Z,427.84,427.72,-0.12,1.0,-1.0,C2026.1327.csv
20/05/2026,20:18:58,LOC25,SLOT,SLTQ1,X,1607.11,1605.98,-1.13,1.0,-1.0,C2026.1327.csv
20/05/2026,20:18:58,LOC25,SLOT,SLTQ1,Y,770.84,770.67,-0.18,1.0,-1.0,C2026.1327.csv
20/05/2026,20:18:58,LOC25,SLOT,SLTQ1,Z,496.72,496.84,0.12,1.0,-1.0,C2026.1327.csv
20/05/2026,20:18:58,DIST1,DIST,28354 → 28359,M,8.17,6.14,-2.03,0.8,-0.8,C2026.1327.csv
20/05/2026,20:18:58,DIST2,DIST,28359 → 28354,M,374.34,374.09,-0.25,0.8,-0.8,C2026.1327.csv
20/05/2026,20:18:58,LOC67,PONTO,PNT15,T,0.0,-0.18,-0.18,0.5,-0.5,C2026.1327.csv
20/05/2026,20:18:58,LOC68,PONTO,PNT16,T,0.0,-0.06,-0.06,0.5,-0.5,C2026.1327.csv
20/05/2026,20:18:58,LOC69,PONTO,PNT17,T,0.0,0.47,0.47,0.5,-0.5,C2026.1327.csv
20/05/2026,20:18:58,LOC70,PONTO,PNT18,T,0.0,0.2,0.2,0.5,-0.5,C2026.1327.csv
20/05/2026,20:18:58,LOC71,PONTO,PNT19,T,0.0,-0.19,-0.19,0.5,-0.5,C2026.1327.csv
20/05/2026,20:18:58,LOC72,PONTO,PNT20,T,0.0,-0.04,-0.04,0.5,-0.5,C2026.1327.csv
20/05/2026,20:18:58,LOC73,PONTO,PNT21,T,0.0,0.13,0.13,0.5,-0.5,C2026.1327.csv
20/05/2026,20:18:58,LOC74,PONTO,PNT22,T,0.0,0.71,0.71,0.5,-0.5,C2026.1327.csv
20/05/2026,20:18:58,LOC75,PONTO,PNT23,T,0.0,0.17,0.17,0.5,-0.5,C2026.1327.csv
20/05/2026,20:18:58,LOC76,PONTO,PNT24,T,0.0,0.3,0.3,0.5,-0.5,C2026.1327.csv
20/05/2026,20:18:58,LOC77,PONTO,PNT25,T,0.0,0.16,0.16,0.5,-0.5,C2026.1327.csv
20/05/2026,20:18:58,LOC78,PONTO,PNT26,T,0.0,-0.14,-0.14,0.5,-0.5,C2026.1327.csv
20/05/2026,20:18:58,LOC79,PONTO,PNT27,T,0.0,-0.89,-0.89,0.5,-0.5,C2026.1327.csv
20/05/2026,20:18:58,LOC80,PONTO,PNT28,T,0.0,-0.58,-0.58,0.5,-0.5,C2026.1327.csv
20/05/2026,20:18:58,LOC81,PONTO,PNT29,T,0.0,-0.61,-0.61,0.5,-0.5,C2026.1327.csv
20/05/2026,20:18:58,LOC82,PONTO,PNT30,T,0.0,-0.2,-0.2,0.5,-0.5,C2026.1327.csv
20/05/2026,20:18:58,LOC83,PONTO,PNT31,T,0.0,-0.86,-0.86,0.5,-0.5,C2026.1327.csv
20/05/2026,20:18:58,LOC84,PONTO,PNT32,T,0.0,-0.02,-0.02,0.5,-0.5,C2026.1327.csv
20/05/2026,20:18:58,LOC85,PONTO,PNT33,T,0.0,-0.09,-0.09,0.5,-0.5,C2026.1327.csv
20/05/2026,20:18:58,LOC86,PONTO,PNT34,T,0.0,-0.04,-0.04,0.5,-0.5,C2026.1327.csv
20/05/2026,20:18:58,LOC87,PONTO,PNT35,T,0.0,0.25,0.25,0.5,-0.5,C2026.1327.csv
20/05/2026,20:18:58,LOC88,PONTO,PNT36,T,0.0,0.04,0.04,0.5,-0.5,C2026.1327.csv
20/05/2026,20:18:58,LOC89,PONTO,PNT37,T,0.0,0.02,0.02,0.5,-0.5,C2026.1327.csv
20/05/2026,20:18:58,LOC90,PONTO,PNT38,T,0.0,0.22,0.22,0.5,-0.5,C2026.1327.csv
20/05/2026,20:18:58,LOC91,PONTO,PNT39,T,0.0,-0.05,-0.05,0.5,-0.5,C2026.1327.csv
20/05/2026,20:18:58,LOC92,PONTO,PNT40,T,0.0,0.58,0.58,0.5,-0.5,C2026.1327.csv
20/05/2026,20:18:58,LOC93,PONTO,PNT41,T,0.0,0.24,0.24,0.5,-0.5,C2026.1327.csv
20/05/2026,20:18:58,LOC94,PONTO,PNT42,T,0.0,0.05,0.05,0.5,-0.5,C2026.1327.csv
20/05/2026,20:18:58,LOC95,PONTO,PNT43,T,0.0,0.31,0.31,0.5,-0.5,C2026.1327.csv
20/05/2026,20:18:58,LOC96,PONTO,PNT44,T,0.0,1.53,1.53,0.5,-0.5,C2026.1327.csv
20/05/2026,20:18:58,LOC97,PONTO,PNT45,T,0.0,0.21,0.21,0.5,-0.5,C2026.1327.csv
20/05/2026,20:18:58,LOC98,PONTO,PNT46,T,0.0,0.25,0.25,0.5,-0.5,C2026.1327.csv
20/05/2026,20:18:58,LOC99,PONTO,PNT47,T,0.0,-0.16,-0.16,0.5,-0.5,C2026.1327.csv
20/05/2026,20:18:58,LOC100,PONTO,PNT48,T,0.0,0.44,0.44,0.5,-0.5,C2026.1327.csv
20/05/2026,20:18:58,LOC101,PONTO,PNT49,T,0.0,-0.67,-0.67,0.5,-0.5,C2026.1327.csv
20/05/2026,20:18:58,LOC102,PONTO,PNT51,T,0.0,-1.02,-1.02,0.5,-0.5,C2026.1327.csv
20/05/2026,20:18:58,LOC103,PONTO,PNT52,T,0.0,-0.42,-0.42,0.5,-0.5,C2026.1327.csv
20/05/2026,20:18:58,LOC104,PONTO,PNT53,T,0.0,-1.13,-1.13,0.5,-0.5,C2026.1327.csv
20/05/2026,20:18:58,LOC105,PONTO,PNT54,T,0.0,-0.9,-0.9,0.5,-0.5,C2026.1327.csv
20/05/2026,20:18:58,LOC106,PONTO,PNT55,T,0.0,-1.12,-1.12,0.5,-0.5,C2026.1327.csv
20/05/2026,20:18:58,LOC107,PONTO,PNT56,T,0.0,-1.01,-1.01,0.5,-0.5,C2026.1327.csv
20/05/2026,20:18:58,LOC108,PONTO,PNT57,T,0.0,-1.62,-1.62,0.5,-0.5,C2026.1327.csv
20/05/2026,20:18:58,LOC109,PONTO,PNT58,T,0.0,0.11,0.11,0.5,-0.5,C2026.1327.csv
20/05/2026,20:18:58,LOC110,PONTO,PNT59,T,0.0,-0.04,-0.04,0.5,-0.5,C2026.1327.csv
20/05/2026,20:18:58,LOC111,PONTO,PNT60,T,0.0,0.05,0.05,0.5,-0.5,C2026.1327.csv
20/05/2026,20:18:58,LOC112,PONTO,PNT9 BORDA,T,0.0,0.73,0.73,0.5,-0.5,C2026.1327.csv
20/05/2026,20:18:58,LOC113,PONTO,PNT8 BORDA,T,0.0,0.32,0.32,0.5,-0.5,C2026.1327.csv
20/05/2026,20:18:58,LOC114,PONTO,PNT7 BORDA,T,0.0,-0.37,-0.37,0.5,-0.5,C2026.1327.csv
20/05/2026,20:18:58,LOC115,PONTO,PNT6 BORDA,T,0.0,-0.62,-0.62,0.5,-0.5,C2026.1327.csv
20/05/2026,20:18:58,LOC116,PONTO,PNT5 BORDA,T,0.0,-0.37,-0.37,0.5,-0.5,C2026.1327.csv
20/05/2026,20:18:58,LOC117,PONTO,PNT4 BORDA,T,0.0,-0.36,-0.36,0.5,-0.5,C2026.1327.csv
20/05/2026,20:18:58,LOC118,PONTO,PNT3 BORDA,T,0.0,-0.55,-0.55,0.5,-0.5,C2026.1327.csv
20/05/2026,20:18:58,LOC119,PONTO,PNT21 BORDA,T,0.0,0.12,0.12,0.5,-0.5,C2026.1327.csv
20/05/2026,20:18:58,LOC120,PONTO,PNT20 BORDA,T,0.0,-0.17,-0.17,0.5,-0.5,C2026.1327.csv
20/05/2026,20:18:58,LOC121,PONTO,PNT2 BORDA,T,0.0,-0.97,-0.97,0.5,-0.5,C2026.1327.csv
20/05/2026,20:18:58,LOC122,PONTO,PNT19 BORDA,T,0.0,-0.04,-0.04,0.5,-0.5,C2026.1327.csv
20/05/2026,20:18:58,LOC123,PONTO,PNT18 BORDA,T,0.0,-0.69,-0.69,0.5,-0.5,C2026.1327.csv
20/05/2026,20:18:58,LOC124,PONTO,PNT17 BORDA,T,0.0,-2.17,-2.17,0.5,-0.5,C2026.1327.csv
20/05/2026,20:18:58,LOC125,PONTO,PNT16 BORDA,T,0.0,0.13,0.13,0.5,-0.5,C2026.1327.csv
20/05/2026,20:18:58,LOC126,PONTO,PNT15 BPRDA,T,0.0,-1.5,-1.5,0.5,-0.5,C2026.1327.csv
20/05/2026,20:18:58,LOC127,PONTO,PNT14 BORDA,T,0.0,0.85,0.85,0.5,-0.5,C2026.1327.csv
20/05/2026,20:18:58,LOC128,PONTO,PNT13 BORDA,T,0.0,-0.63,-0.63,0.5,-0.5,C2026.1327.csv
20/05/2026,20:18:58,LOC129,PONTO,PNT12 BORDA,T,0.0,-0.43,-0.43,0.5,-0.5,C2026.1327.csv
20/05/2026,20:18:58,LOC130,PONTO,PNT11 BORDA,T,0.0,-0.34,-0.34,0.5,-0.5,C2026.1327.csv
20/05/2026,20:18:58,LOC131,PONTO,PNT10 BORDA,T,0.0,0.86,0.86,0.5,-0.5,C2026.1327.csv
20/05/2026,20:18:58,LOC132,PONTO,PNT1 BORDA,T,0.0,-2.31,-2.31,0.5,-0.5,C2026.1327.csv
22/05/2026,20:18:58,LOC23,CÍRCULO,28359,Y,830.08,829.15,-0.93,0.5,-0.5,C2026.1328.csv
22/05/2026,20:18:58,LOC23,CÍRCULO,28359,Z,273.81,273.4,-0.41,0.5,-0.5,C2026.1328.csv
22/05/2026,20:18:58,LOC62,CÍRCULO,28354,Y,821.91,823.13,1.22,0.5,-0.5,C2026.1328.csv
22/05/2026,20:18:58,LOC62,CÍRCULO,28354,Z,648.15,647.49,-0.66,0.5,-0.5,C2026.1328.csv
22/05/2026,20:18:58,LOC63,CÍRCULO,CÍR5,X,1575.12,1574.63,-0.5,0.5,-0.5,C2026.1328.csv
22/05/2026,20:18:58,LOC63,CÍRCULO,CÍR5,Y,778.0,777.07,-0.93,0.5,-0.5,C2026.1328.csv
22/05/2026,20:18:58,LOC63,CÍRCULO,CÍR5,Z,405.75,405.75,0.0,0.5,-0.5,C2026.1328.csv
22/05/2026,20:18:58,LOC64,SLOT,SLTR1,X,1571.67,1571.28,-0.39,1.0,-1.0,C2026.1328.csv
22/05/2026,20:18:58,LOC64,SLOT,SLTR1,Y,778.96,777.72,-1.24,1.0,-1.0,C2026.1328.csv
22/05/2026,20:18:58,LOC64,SLOT,SLTR1,Z,361.9,361.88,-0.01,1.0,-1.0,C2026.1328.csv
22/05/2026,20:18:58,LOC65,CÍRCULO,CÍR4,X,1637.22,1635.44,-1.78,1.0,-1.0,C2026.1328.csv
22/05/2026,20:18:58,LOC65,CÍRCULO,CÍR4,Y,745.94,746.03,0.09,1.0,-1.0,C2026.1328.csv
22/05/2026,20:18:58,LOC65,CÍRCULO,CÍR4,Z,579.71,579.88,0.17,1.0,-1.0,C2026.1328.csv
22/05/2026,20:18:58,LOC66,CÍRCULO,CÍR3,X,1622.23,1621.37,-0.85,1.0,-1.0,C2026.1328.csv
22/05/2026,20:18:58,LOC66,CÍRCULO,CÍR3,Y,750.37,749.39,-0.98,1.0,-1.0,C2026.1328.csv
22/05/2026,20:18:58,LOC66,CÍRCULO,CÍR3,Z,427.84,427.7,-0.14,1.0,-1.0,C2026.1328.csv
22/05/2026,20:18:58,LOC25,SLOT,SLTQ1,X,1607.11,1605.89,-1.22,1.0,-1.0,C2026.1328.csv
22/05/2026,20:18:58,LOC25,SLOT,SLTQ1,Y,770.84,770.55,-0.29,1.0,-1.0,C2026.1328.csv
22/05/2026,20:18:58,LOC25,SLOT,SLTQ1,Z,496.72,496.82,0.1,1.0,-1.0,C2026.1328.csv
22/05/2026,20:18:58,DIST1,DIST,28354 → 28359,M,8.17,6.02,-2.15,0.8,-0.8,C2026.1328.csv
22/05/2026,20:18:58,DIST2,DIST,28359 → 28354,M,374.34,374.09,-0.25,0.8,-0.8,C2026.1328.csv
22/05/2026,20:18:58,LOC67,PONTO,PNT15,T,0.0,-0.11,-0.11,0.5,-0.5,C2026.1328.csv
22/05/2026,20:18:58,LOC68,PONTO,PNT16,T,0.0,-0.14,-0.14,0.5,-0.5,C2026.1328.csv
22/05/2026,20:18:58,LOC69,PONTO,PNT17,T,0.0,0.41,0.41,0.5,-0.5,C2026.1328.csv
22/05/2026,20:18:58,LOC70,PONTO,PNT18,T,0.0,0.16,0.16,0.5,-0.5,C2026.1328.csv
22/05/2026,20:18:58,LOC71,PONTO,PNT19,T,0.0,-0.24,-0.24,0.5,-0.5,C2026.1328.csv
22/05/2026,20:18:58,LOC72,PONTO,PNT20,T,0.0,-0.06,-0.06,0.5,-0.5,C2026.1328.csv
22/05/2026,20:18:58,LOC73,PONTO,PNT21,T,0.0,0.12,0.12,0.5,-0.5,C2026.1328.csv
22/05/2026,20:18:58,LOC74,PONTO,PNT22,T,0.0,0.7,0.7,0.5,-0.5,C2026.1328.csv
22/05/2026,20:18:58,LOC75,PONTO,PNT23,T,0.0,0.1,0.1,0.5,-0.5,C2026.1328.csv
22/05/2026,20:18:58,LOC76,PONTO,PNT24,T,0.0,0.21,0.21,0.5,-0.5,C2026.1328.csv
22/05/2026,20:18:58,LOC77,PONTO,PNT25,T,0.0,0.11,0.11,0.5,-0.5,C2026.1328.csv
22/05/2026,20:18:58,LOC78,PONTO,PNT26,T,0.0,-0.11,-0.11,0.5,-0.5,C2026.1328.csv
22/05/2026,20:18:58,LOC79,PONTO,PNT27,T,0.0,-1.02,-1.02,0.5,-0.5,C2026.1328.csv
22/05/2026,20:18:58,LOC80,PONTO,PNT28,T,0.0,-0.7,-0.7,0.5,-0.5,C2026.1328.csv
22/05/2026,20:18:58,LOC81,PONTO,PNT29,T,0.0,-0.73,-0.73,0.5,-0.5,C2026.1328.csv
22/05/2026,20:18:58,LOC82,PONTO,PNT30,T,0.0,-0.31,-0.31,0.5,-0.5,C2026.1328.csv
22/05/2026,20:18:58,LOC83,PONTO,PNT31,T,0.0,-0.98,-0.98,0.5,-0.5,C2026.1328.csv
22/05/2026,20:18:58,LOC84,PONTO,PNT32,T,0.0,-0.13,-0.13,0.5,-0.5,C2026.1328.csv
22/05/2026,20:18:58,LOC85,PONTO,PNT33,T,0.0,-0.2,-0.2,0.5,-0.5,C2026.1328.csv
22/05/2026,20:18:58,LOC86,PONTO,PNT34,T,0.0,-0.14,-0.14,0.5,-0.5,C2026.1328.csv
22/05/2026,20:18:58,LOC87,PONTO,PNT35,T,0.0,0.14,0.14,0.5,-0.5,C2026.1328.csv
22/05/2026,20:18:58,LOC88,PONTO,PNT36,T,0.0,0.02,0.02,0.5,-0.5,C2026.1328.csv
22/05/2026,20:18:58,LOC89,PONTO,PNT37,T,0.0,-0.02,-0.02,0.5,-0.5,C2026.1328.csv
22/05/2026,20:18:58,LOC90,PONTO,PNT38,T,0.0,0.22,0.22,0.5,-0.5,C2026.1328.csv
22/05/2026,20:18:58,LOC91,PONTO,PNT39,T,0.0,-0.1,-0.1,0.5,-0.5,C2026.1328.csv
22/05/2026,20:18:58,LOC92,PONTO,PNT40,T,0.0,0.59,0.59,0.5,-0.5,C2026.1328.csv
22/05/2026,20:18:58,LOC93,PONTO,PNT41,T,0.0,0.19,0.19,0.5,-0.5,C2026.1328.csv
22/05/2026,20:18:58,LOC94,PONTO,PNT42,T,0.0,0.01,0.01,0.5,-0.5,C2026.1328.csv
22/05/2026,20:18:58,LOC95,PONTO,PNT43,T,0.0,0.25,0.25,0.5,-0.5,C2026.1328.csv
22/05/2026,20:18:58,LOC96,PONTO,PNT44,T,0.0,1.55,1.55,0.5,-0.5,C2026.1328.csv
22/05/2026,20:18:58,LOC97,PONTO,PNT45,T,0.0,0.21,0.21,0.5,-0.5,C2026.1328.csv
22/05/2026,20:18:58,LOC98,PONTO,PNT46,T,0.0,0.22,0.22,0.5,-0.5,C2026.1328.csv
22/05/2026,20:18:58,LOC99,PONTO,PNT47,T,0.0,-0.25,-0.25,0.5,-0.5,C2026.1328.csv
22/05/2026,20:18:58,LOC100,PONTO,PNT48,T,0.0,0.34,0.34,0.5,-0.5,C2026.1328.csv
22/05/2026,20:18:58,LOC101,PONTO,PNT49,T,0.0,-0.76,-0.76,0.5,-0.5,C2026.1328.csv
22/05/2026,20:18:58,LOC102,PONTO,PNT51,T,0.0,-1.11,-1.11,0.5,-0.5,C2026.1328.csv
22/05/2026,20:18:58,LOC103,PONTO,PNT52,T,0.0,-0.5,-0.5,0.5,-0.5,C2026.1328.csv
22/05/2026,20:18:58,LOC104,PONTO,PNT53,T,0.0,-1.19,-1.19,0.5,-0.5,C2026.1328.csv
22/05/2026,20:18:58,LOC105,PONTO,PNT54,T,0.0,-0.98,-0.98,0.5,-0.5,C2026.1328.csv
22/05/2026,20:18:58,LOC106,PONTO,PNT55,T,0.0,-1.22,-1.22,0.5,-0.5,C2026.1328.csv
22/05/2026,20:18:58,LOC107,PONTO,PNT56,T,0.0,-1.13,-1.13,0.5,-0.5,C2026.1328.csv
22/05/2026,20:18:58,LOC108,PONTO,PNT57,T,0.0,-1.73,-1.73,0.5,-0.5,C2026.1328.csv
22/05/2026,20:18:58,LOC109,PONTO,PNT58,T,0.0,0.04,0.04,0.5,-0.5,C2026.1328.csv
22/05/2026,20:18:58,LOC110,PONTO,PNT59,T,0.0,-0.11,-0.11,0.5,-0.5,C2026.1328.csv
22/05/2026,20:18:58,LOC111,PONTO,PNT60,T,0.0,0.01,0.01,0.5,-0.5,C2026.1328.csv
22/05/2026,20:18:58,LOC112,PONTO,PNT9 BORDA,T,0.0,0.7,0.7,0.5,-0.5,C2026.1328.csv
22/05/2026,20:18:58,LOC113,PONTO,PNT8 BORDA,T,0.0,0.28,0.28,0.5,-0.5,C2026.1328.csv
22/05/2026,20:18:58,LOC114,PONTO,PNT7 BORDA,T,0.0,-0.44,-0.44,0.5,-0.5,C2026.1328.csv
22/05/2026,20:18:58,LOC115,PONTO,PNT6 BORDA,T,0.0,-0.71,-0.71,0.5,-0.5,C2026.1328.csv
22/05/2026,20:18:58,LOC116,PONTO,PNT5 BORDA,T,0.0,-0.46,-0.46,0.5,-0.5,C2026.1328.csv
22/05/2026,20:18:58,LOC117,PONTO,PNT4 BORDA,T,0.0,-0.45,-0.45,0.5,-0.5,C2026.1328.csv
22/05/2026,20:18:58,LOC118,PONTO,PNT3 BORDA,T,0.0,-0.64,-0.64,0.5,-0.5,C2026.1328.csv
22/05/2026,20:18:58,LOC119,PONTO,PNT21 BORDA,T,0.0,0.02,0.02,0.5,-0.5,C2026.1328.csv
22/05/2026,20:18:58,LOC120,PONTO,PNT20 BORDA,T,0.0,-0.23,-0.23,0.5,-0.5,C2026.1328.csv
22/05/2026,20:18:58,LOC121,PONTO,PNT2 BORDA,T,0.0,-1.07,-1.07,0.5,-0.5,C2026.1328.csv
22/05/2026,20:18:58,LOC122,PONTO,PNT19 BORDA,T,0.0,-0.09,-0.09,0.5,-0.5,C2026.1328.csv
22/05/2026,20:18:58,LOC123,PONTO,PNT18 BORDA,T,0.0,-0.67,-0.67,0.5,-0.5,C2026.1328.csv
22/05/2026,20:18:58,LOC124,PONTO,PNT17 BORDA,T,0.0,-2.15,-2.15,0.5,-0.5,C2026.1328.csv
22/05/2026,20:18:58,LOC125,PONTO,PNT16 BORDA,T,0.0,0.1,0.1,0.5,-0.5,C2026.1328.csv
22/05/2026,20:18:58,LOC126,PONTO,PNT15 BPRDA,T,0.0,-1.52,-1.52,0.5,-0.5,C2026.1328.csv
22/05/2026,20:18:58,LOC127,PONTO,PNT14 BORDA,T,0.0,0.8,0.8,0.5,-0.5,C2026.1328.csv
22/05/2026,20:18:58,LOC128,PONTO,PNT13 BORDA,T,0.0,-0.71,-0.71,0.5,-0.5,C2026.1328.csv
22/05/2026,20:18:58,LOC129,PONTO,PNT12 BORDA,T,0.0,-0.36,-0.36,0.5,-0.5,C2026.1328.csv
22/05/2026,20:18:58,LOC130,PONTO,PNT11 BORDA,T,0.0,-0.3,-0.3,0.5,-0.5,C2026.1328.csv
22/05/2026,20:18:58,LOC131,PONTO,PNT10 BORDA,T,0.0,0.89,0.89,0.5,-0.5,C2026.1328.csv
22/05/2026,20:18:58,LOC132,PONTO,PNT1 BORDA,T,0.0,-2.41,-2.41,0.5,-0.5,C2026.1328.csv
25/05/2026,17:20:24,LOC23,CÍRCULO,28359,Y,830.08,828.71,-1.37,0.5,-0.5,C2026.1418.csv
25/05/2026,17:20:24,LOC23,CÍRCULO,28359,Z,273.81,273.38,-0.43,0.5,-0.5,C2026.1418.csv
25/05/2026,17:20:24,LOC62,CÍRCULO,28354,Y,821.91,822.78,0.87,0.5,-0.5,C2026.1418.csv
25/05/2026,17:20:24,LOC62,CÍRCULO,28354,Z,648.15,647.27,-0.88,0.5,-0.5,C2026.1418.csv
25/05/2026,17:20:24,LOC63,CÍRCULO,CÍR5,X,1575.12,1574.57,-0.55,0.5,-0.5,C2026.1418.csv
25/05/2026,17:20:24,LOC63,CÍRCULO,CÍR5,Y,778.0,777.0,-1.0,0.5,-0.5,C2026.1418.csv
25/05/2026,17:20:24,LOC63,CÍRCULO,CÍR5,Z,405.75,405.68,-0.07,0.5,-0.5,C2026.1418.csv
25/05/2026,17:20:24,LOC64,SLOT,SLTR1,X,1571.67,1571.2,-0.47,1.0,-1.0,C2026.1418.csv
25/05/2026,17:20:24,LOC64,SLOT,SLTR1,Y,778.96,777.67,-1.29,1.0,-1.0,C2026.1418.csv
25/05/2026,17:20:24,LOC64,SLOT,SLTR1,Z,361.9,361.81,-0.08,1.0,-1.0,C2026.1418.csv
25/05/2026,17:20:24,LOC65,CÍRCULO,CÍR4,X,1637.22,1636.31,-0.91,1.0,-1.0,C2026.1418.csv
25/05/2026,17:20:24,LOC65,CÍRCULO,CÍR4,Y,745.94,746.26,0.33,1.0,-1.0,C2026.1418.csv
25/05/2026,17:20:24,LOC65,CÍRCULO,CÍR4,Z,579.71,579.7,-0.01,1.0,-1.0,C2026.1418.csv
25/05/2026,17:20:24,LOC66,CÍRCULO,CÍR3,X,1622.23,1621.54,-0.69,1.0,-1.0,C2026.1418.csv
25/05/2026,17:20:24,LOC66,CÍRCULO,CÍR3,Y,750.37,749.81,-0.56,1.0,-1.0,C2026.1418.csv
25/05/2026,17:20:24,LOC66,CÍRCULO,CÍR3,Z,427.84,427.62,-0.22,1.0,-1.0,C2026.1418.csv
25/05/2026,17:20:24,LOC25,SLOT,SLTQ1,X,1607.11,1606.19,-0.92,1.0,-1.0,C2026.1418.csv
25/05/2026,17:20:24,LOC25,SLOT,SLTQ1,Y,770.84,770.96,0.11,1.0,-1.0,C2026.1418.csv
25/05/2026,17:20:24,LOC25,SLOT,SLTQ1,Z,496.72,496.62,-0.1,1.0,-1.0,C2026.1418.csv
25/05/2026,17:20:24,DIST1,DIST,28354 → 28359,M,8.17,5.92,-2.25,0.8,-0.8,C2026.1418.csv
25/05/2026,17:20:24,DIST2,DIST,28359 → 28354,M,374.34,373.89,-0.45,0.8,-0.8,C2026.1418.csv
25/05/2026,17:20:24,LOC67,PONTO,PNT15,T,0.0,0.0,0.0,0.5,-0.5,C2026.1418.csv
25/05/2026,17:20:24,LOC68,PONTO,PNT16,T,0.0,-0.22,-0.22,0.5,-0.5,C2026.1418.csv
25/05/2026,17:20:24,LOC69,PONTO,PNT17,T,0.0,0.14,0.14,0.5,-0.5,C2026.1418.csv
25/05/2026,17:20:24,LOC70,PONTO,PNT18,T,0.0,0.02,0.02,0.5,-0.5,C2026.1418.csv
25/05/2026,17:20:24,LOC71,PONTO,PNT19,T,0.0,-0.17,-0.17,0.5,-0.5,C2026.1418.csv
25/05/2026,17:20:24,LOC72,PONTO,PNT20,T,0.0,0.23,0.23,0.5,-0.5,C2026.1418.csv
25/05/2026,17:20:24,LOC73,PONTO,PNT21,T,0.0,0.04,0.04,0.5,-0.5,C2026.1418.csv
25/05/2026,17:20:24,LOC74,PONTO,PNT22,T,0.0,0.74,0.74,0.5,-0.5,C2026.1418.csv
25/05/2026,17:20:24,LOC75,PONTO,PNT23,T,0.0,0.48,0.48,0.5,-0.5,C2026.1418.csv
25/05/2026,17:20:24,LOC76,PONTO,PNT24,T,0.0,0.52,0.52,0.5,-0.5,C2026.1418.csv
25/05/2026,17:20:24,LOC77,PONTO,PNT25,T,0.0,0.24,0.24,0.5,-0.5,C2026.1418.csv
25/05/2026,17:20:24,LOC78,PONTO,PNT26,T,0.0,0.01,0.01,0.5,-0.5,C2026.1418.csv
25/05/2026,17:20:24,LOC79,PONTO,PNT27,T,0.0,-0.53,-0.53,0.5,-0.5,C2026.1418.csv
25/05/2026,17:20:24,LOC80,PONTO,PNT28,T,0.0,-0.33,-0.33,0.5,-0.5,C2026.1418.csv
25/05/2026,17:20:24,LOC81,PONTO,PNT29,T,0.0,-0.11,-0.11,0.5,-0.5,C2026.1418.csv
25/05/2026,17:20:24,LOC82,PONTO,PNT30,T,0.0,0.13,0.13,0.5,-0.5,C2026.1418.csv
25/05/2026,17:20:24,LOC83,PONTO,PNT31,T,0.0,-0.76,-0.76,0.5,-0.5,C2026.1418.csv
25/05/2026,17:20:24,LOC84,PONTO,PNT32,T,0.0,0.1,0.1,0.5,-0.5,C2026.1418.csv
25/05/2026,17:20:24,LOC85,PONTO,PNT33,T,0.0,-0.04,-0.04,0.5,-0.5,C2026.1418.csv
25/05/2026,17:20:24,LOC86,PONTO,PNT34,T,0.0,-0.12,-0.12,0.5,-0.5,C2026.1418.csv
25/05/2026,17:20:24,LOC87,PONTO,PNT35,T,0.0,-0.09,-0.09,0.5,-0.5,C2026.1418.csv
25/05/2026,17:20:24,LOC88,PONTO,PNT36,T,0.0,-0.11,-0.11,0.5,-0.5,C2026.1418.csv
25/05/2026,17:20:24,LOC89,PONTO,PNT37,T,0.0,-0.29,-0.29,0.5,-0.5,C2026.1418.csv
25/05/2026,17:20:24,LOC90,PONTO,PNT38,T,0.0,0.2,0.2,0.5,-0.5,C2026.1418.csv
25/05/2026,17:20:24,LOC91,PONTO,PNT39,T,0.0,0.25,0.25,0.5,-0.5,C2026.1418.csv
25/05/2026,17:20:24,LOC92,PONTO,PNT40,T,0.0,0.57,0.57,0.5,-0.5,C2026.1418.csv
25/05/2026,17:20:24,LOC93,PONTO,PNT41,T,0.0,0.63,0.63,0.5,-0.5,C2026.1418.csv
25/05/2026,17:20:24,LOC94,PONTO,PNT42,T,0.0,-0.62,-0.62,0.5,-0.5,C2026.1418.csv
25/05/2026,17:20:24,LOC95,PONTO,PNT43,T,0.0,0.2,0.2,0.5,-0.5,C2026.1418.csv
25/05/2026,17:20:24,LOC96,PONTO,PNT44,T,0.0,1.55,1.55,0.5,-0.5,C2026.1418.csv
25/05/2026,17:20:24,LOC97,PONTO,PNT45,T,0.0,0.23,0.23,0.5,-0.5,C2026.1418.csv
25/05/2026,17:20:24,LOC98,PONTO,PNT46,T,0.0,0.2,0.2,0.5,-0.5,C2026.1418.csv
25/05/2026,17:20:24,LOC99,PONTO,PNT47,T,0.0,-0.43,-0.43,0.5,-0.5,C2026.1418.csv
25/05/2026,17:20:24,LOC100,PONTO,PNT48,T,0.0,0.33,0.33,0.5,-0.5,C2026.1418.csv
25/05/2026,17:20:24,LOC101,PONTO,PNT49,T,0.0,-0.82,-0.82,0.5,-0.5,C2026.1418.csv
25/05/2026,17:20:24,LOC102,PONTO,PNT51,T,0.0,-1.0,-1.0,0.5,-0.5,C2026.1418.csv
25/05/2026,17:20:24,LOC103,PONTO,PNT52,T,0.0,-0.65,-0.65,0.5,-0.5,C2026.1418.csv
25/05/2026,17:20:24,LOC104,PONTO,PNT53,T,0.0,-1.58,-1.58,0.5,-0.5,C2026.1418.csv
25/05/2026,17:20:24,LOC105,PONTO,PNT54,T,0.0,-1.02,-1.02,0.5,-0.5,C2026.1418.csv
25/05/2026,17:20:24,LOC106,PONTO,PNT55,T,0.0,-1.23,-1.23,0.5,-0.5,C2026.1418.csv
25/05/2026,17:20:24,LOC107,PONTO,PNT56,T,0.0,-0.64,-0.64,0.5,-0.5,C2026.1418.csv
25/05/2026,17:20:24,LOC108,PONTO,PNT57,T,0.0,-1.13,-1.13,0.5,-0.5,C2026.1418.csv
25/05/2026,17:20:24,LOC109,PONTO,PNT58,T,0.0,-0.56,-0.56,0.5,-0.5,C2026.1418.csv
25/05/2026,17:20:24,LOC110,PONTO,PNT59,T,0.0,-0.11,-0.11,0.5,-0.5,C2026.1418.csv
25/05/2026,17:20:24,LOC111,PONTO,PNT60,T,0.0,-0.39,-0.39,0.5,-0.5,C2026.1418.csv
25/05/2026,17:20:24,LOC112,PONTO,PNT9 BORDA,T,0.0,0.65,0.65,0.5,-0.5,C2026.1418.csv
25/05/2026,17:20:24,LOC113,PONTO,PNT8 BORDA,T,0.0,0.32,0.32,0.5,-0.5,C2026.1418.csv
25/05/2026,17:20:24,LOC114,PONTO,PNT7 BORDA,T,0.0,-0.02,-0.02,0.5,-0.5,C2026.1418.csv
25/05/2026,17:20:24,LOC115,PONTO,PNT6 BORDA,T,0.0,-0.37,-0.37,0.5,-0.5,C2026.1418.csv
25/05/2026,17:20:24,LOC116,PONTO,PNT5 BORDA,T,0.0,-0.15,-0.15,0.5,-0.5,C2026.1418.csv
25/05/2026,17:20:24,LOC117,PONTO,PNT4 BORDA,T,0.0,-0.11,-0.11,0.5,-0.5,C2026.1418.csv
25/05/2026,17:20:24,LOC118,PONTO,PNT3 BORDA,T,0.0,-0.08,-0.08,0.5,-0.5,C2026.1418.csv
25/05/2026,17:20:24,LOC119,PONTO,PNT21 BORDA,T,0.0,-0.1,-0.1,0.5,-0.5,C2026.1418.csv
25/05/2026,17:20:24,LOC120,PONTO,PNT20 BORDA,T,0.0,0.29,0.29,0.5,-0.5,C2026.1418.csv
25/05/2026,17:20:24,LOC121,PONTO,PNT2 BORDA,T,0.0,-0.31,-0.31,0.5,-0.5,C2026.1418.csv
25/05/2026,17:20:24,LOC122,PONTO,PNT19 BORDA,T,0.0,0.26,0.26,0.5,-0.5,C2026.1418.csv
25/05/2026,17:20:24,LOC123,PONTO,PNT18 BORDA,T,0.0,-0.55,-0.55,0.5,-0.5,C2026.1418.csv
25/05/2026,17:20:24,LOC124,PONTO,PNT17 BORDA,T,0.0,-1.97,-1.97,0.5,-0.5,C2026.1418.csv
25/05/2026,17:20:24,LOC125,PONTO,PNT16 BORDA,T,0.0,0.3,0.3,0.5,-0.5,C2026.1418.csv
25/05/2026,17:20:24,LOC126,PONTO,PNT15 BPRDA,T,0.0,-1.28,-1.28,0.5,-0.5,C2026.1418.csv
25/05/2026,17:20:24,LOC127,PONTO,PNT14 BORDA,T,0.0,0.43,0.43,0.5,-0.5,C2026.1418.csv
25/05/2026,17:20:24,LOC128,PONTO,PNT13 BORDA,T,0.0,-0.84,-0.84,0.5,-0.5,C2026.1418.csv
25/05/2026,17:20:24,LOC129,PONTO,PNT12 BORDA,T,0.0,-0.83,-0.83,0.5,-0.5,C2026.1418.csv
25/05/2026,17:20:24,LOC130,PONTO,PNT11 BORDA,T,0.0,-0.2,-0.2,0.5,-0.5,C2026.1418.csv
25/05/2026,17:20:24,LOC131,PONTO,PNT10 BORDA,T,0.0,1.28,1.28,0.5,-0.5,C2026.1418.csv
25/05/2026,17:20:24,LOC132,PONTO,PNT1 BORDA,T,0.0,-1.61,-1.61,0.5,-0.5,C2026.1418.csv
27/05/2026,17:38:17,LOC23,CÍRCULO,28359,Y,830.08,828.92,-1.15,0.5,-0.5,C2026.1419.csv
27/05/2026,17:38:17,LOC23,CÍRCULO,28359,Z,273.81,273.52,-0.28,0.5,-0.5,C2026.1419.csv
27/05/2026,17:38:17,LOC62,CÍRCULO,28354,Y,821.91,822.36,0.45,0.5,-0.5,C2026.1419.csv
27/05/2026,17:38:17,LOC62,CÍRCULO,28354,Z,648.15,647.37,-0.77,0.5,-0.5,C2026.1419.csv
27/05/2026,17:38:17,LOC63,CÍRCULO,CÍR5,X,1575.12,1574.83,-0.29,0.5,-0.5,C2026.1419.csv
27/05/2026,17:38:17,LOC63,CÍRCULO,CÍR5,Y,778.0,777.04,-0.96,0.5,-0.5,C2026.1419.csv
27/05/2026,17:38:17,LOC63,CÍRCULO,CÍR5,Z,405.75,405.73,-0.02,0.5,-0.5,C2026.1419.csv
27/05/2026,17:38:17,LOC64,SLOT,SLTR1,X,1571.67,1571.45,-0.22,1.0,-1.0,C2026.1419.csv
27/05/2026,17:38:17,LOC64,SLOT,SLTR1,Y,778.96,777.77,-1.19,1.0,-1.0,C2026.1419.csv
27/05/2026,17:38:17,LOC64,SLOT,SLTR1,Z,361.9,361.86,-0.04,1.0,-1.0,C2026.1419.csv
27/05/2026,17:38:17,LOC65,CÍRCULO,CÍR4,X,1637.22,1636.53,-0.69,1.0,-1.0,C2026.1419.csv
27/05/2026,17:38:17,LOC65,CÍRCULO,CÍR4,Y,745.94,746.27,0.33,1.0,-1.0,C2026.1419.csv
27/05/2026,17:38:17,LOC65,CÍRCULO,CÍR4,Z,579.71,579.78,0.06,1.0,-1.0,C2026.1419.csv
27/05/2026,17:38:17,LOC66,CÍRCULO,CÍR3,X,1622.23,1621.79,-0.44,1.0,-1.0,C2026.1419.csv
27/05/2026,17:38:17,LOC66,CÍRCULO,CÍR3,Y,750.37,749.84,-0.52,1.0,-1.0,C2026.1419.csv
27/05/2026,17:38:17,LOC66,CÍRCULO,CÍR3,Z,427.84,427.64,-0.2,1.0,-1.0,C2026.1419.csv
27/05/2026,17:38:17,LOC25,SLOT,SLTQ1,X,1607.11,1606.43,-0.68,1.0,-1.0,C2026.1419.csv
27/05/2026,17:38:17,LOC25,SLOT,SLTQ1,Y,770.84,770.85,0.01,1.0,-1.0,C2026.1419.csv
27/05/2026,17:38:17,LOC25,SLOT,SLTQ1,Z,496.72,496.67,-0.05,1.0,-1.0,C2026.1419.csv
27/05/2026,17:38:17,DIST1,DIST,28354 → 28359,M,8.17,6.56,-1.61,0.8,-0.8,C2026.1419.csv
27/05/2026,17:38:17,DIST2,DIST,28359 → 28354,M,374.34,373.85,-0.49,0.8,-0.8,C2026.1419.csv
27/05/2026,17:38:17,LOC67,PONTO,PNT15,T,0.0,0.01,0.01,0.5,-0.5,C2026.1419.csv
27/05/2026,17:38:17,LOC68,PONTO,PNT16,T,0.0,-0.26,-0.26,0.5,-0.5,C2026.1419.csv
27/05/2026,17:38:17,LOC69,PONTO,PNT17,T,0.0,0.08,0.08,0.5,-0.5,C2026.1419.csv
27/05/2026,17:38:17,LOC70,PONTO,PNT18,T,0.0,-0.01,-0.01,0.5,-0.5,C2026.1419.csv
27/05/2026,17:38:17,LOC71,PONTO,PNT19,T,0.0,-0.29,-0.29,0.5,-0.5,C2026.1419.csv
27/05/2026,17:38:17,LOC72,PONTO,PNT20,T,0.0,0.16,0.16,0.5,-0.5,C2026.1419.csv
27/05/2026,17:38:17,LOC73,PONTO,PNT21,T,0.0,-0.06,-0.06,0.5,-0.5,C2026.1419.csv
27/05/2026,17:38:17,LOC74,PONTO,PNT22,T,0.0,0.64,0.64,0.5,-0.5,C2026.1419.csv
27/05/2026,17:38:17,LOC75,PONTO,PNT23,T,0.0,0.44,0.44,0.5,-0.5,C2026.1419.csv
27/05/2026,17:38:17,LOC76,PONTO,PNT24,T,0.0,0.41,0.41,0.5,-0.5,C2026.1419.csv
27/05/2026,17:38:17,LOC77,PONTO,PNT25,T,0.0,0.14,0.14,0.5,-0.5,C2026.1419.csv
27/05/2026,17:38:17,LOC78,PONTO,PNT26,T,0.0,0.1,0.1,0.5,-0.5,C2026.1419.csv
27/05/2026,17:38:17,LOC79,PONTO,PNT27,T,0.0,-0.61,-0.61,0.5,-0.5,C2026.1419.csv
27/05/2026,17:38:17,LOC80,PONTO,PNT28,T,0.0,-0.41,-0.41,0.5,-0.5,C2026.1419.csv
27/05/2026,17:38:17,LOC81,PONTO,PNT29,T,0.0,-0.2,-0.2,0.5,-0.5,C2026.1419.csv
27/05/2026,17:38:17,LOC82,PONTO,PNT30,T,0.0,0.02,0.02,0.5,-0.5,C2026.1419.csv
27/05/2026,17:38:17,LOC83,PONTO,PNT31,T,0.0,-0.74,-0.74,0.5,-0.5,C2026.1419.csv
27/05/2026,17:38:17,LOC84,PONTO,PNT32,T,0.0,0.13,0.13,0.5,-0.5,C2026.1419.csv
27/05/2026,17:38:17,LOC85,PONTO,PNT33,T,0.0,0.01,0.01,0.5,-0.5,C2026.1419.csv
27/05/2026,17:38:17,LOC86,PONTO,PNT34,T,0.0,-0.02,-0.02,0.5,-0.5,C2026.1419.csv
27/05/2026,17:38:17,LOC87,PONTO,PNT35,T,0.0,0.1,0.1,0.5,-0.5,C2026.1419.csv
27/05/2026,17:38:17,LOC88,PONTO,PNT36,T,0.0,-0.06,-0.06,0.5,-0.5,C2026.1419.csv
27/05/2026,17:38:17,LOC89,PONTO,PNT37,T,0.0,-0.14,-0.14,0.5,-0.5,C2026.1419.csv
27/05/2026,17:38:17,LOC90,PONTO,PNT38,T,0.0,0.23,0.23,0.5,-0.5,C2026.1419.csv
27/05/2026,17:38:17,LOC91,PONTO,PNT39,T,0.0,0.19,0.19,0.5,-0.5,C2026.1419.csv
27/05/2026,17:38:17,LOC92,PONTO,PNT40,T,0.0,0.49,0.49,0.5,-0.5,C2026.1419.csv
27/05/2026,17:38:17,LOC93,PONTO,PNT41,T,0.0,0.45,0.45,0.5,-0.5,C2026.1419.csv
27/05/2026,17:38:17,LOC94,PONTO,PNT42,T,0.0,-0.4,-0.4,0.5,-0.5,C2026.1419.csv
27/05/2026,17:38:17,LOC95,PONTO,PNT43,T,0.0,0.37,0.37,0.5,-0.5,C2026.1419.csv
27/05/2026,17:38:17,LOC96,PONTO,PNT44,T,0.0,1.62,1.62,0.5,-0.5,C2026.1419.csv
27/05/2026,17:38:17,LOC97,PONTO,PNT45,T,0.0,0.28,0.28,0.5,-0.5,C2026.1419.csv
27/05/2026,17:38:17,LOC98,PONTO,PNT46,T,0.0,0.27,0.27,0.5,-0.5,C2026.1419.csv
27/05/2026,17:38:17,LOC99,PONTO,PNT47,T,0.0,-0.13,-0.13,0.5,-0.5,C2026.1419.csv
27/05/2026,17:38:17,LOC100,PONTO,PNT48,T,0.0,0.59,0.59,0.5,-0.5,C2026.1419.csv
27/05/2026,17:38:17,LOC101,PONTO,PNT49,T,0.0,-0.57,-0.57,0.5,-0.5,C2026.1419.csv
27/05/2026,17:38:17,LOC102,PONTO,PNT51,T,0.0,-0.78,-0.78,0.5,-0.5,C2026.1419.csv
27/05/2026,17:38:17,LOC103,PONTO,PNT52,T,0.0,-0.4,-0.4,0.5,-0.5,C2026.1419.csv
27/05/2026,17:38:17,LOC104,PONTO,PNT53,T,0.0,-1.35,-1.35,0.5,-0.5,C2026.1419.csv
27/05/2026,17:38:17,LOC105,PONTO,PNT54,T,0.0,-0.85,-0.85,0.5,-0.5,C2026.1419.csv
27/05/2026,17:38:17,LOC106,PONTO,PNT55,T,0.0,-1.01,-1.01,0.5,-0.5,C2026.1419.csv
27/05/2026,17:38:17,LOC107,PONTO,PNT56,T,0.0,-0.47,-0.47,0.5,-0.5,C2026.1419.csv
27/05/2026,17:38:17,LOC108,PONTO,PNT57,T,0.0,-1.05,-1.05,0.5,-0.5,C2026.1419.csv
27/05/2026,17:38:17,LOC109,PONTO,PNT58,T,0.0,-0.31,-0.31,0.5,-0.5,C2026.1419.csv
27/05/2026,17:38:17,LOC110,PONTO,PNT59,T,0.0,-0.02,-0.02,0.5,-0.5,C2026.1419.csv
27/05/2026,17:38:17,LOC111,PONTO,PNT60,T,0.0,-0.2,-0.2,0.5,-0.5,C2026.1419.csv
27/05/2026,17:38:17,LOC112,PONTO,PNT9 BORDA,T,0.0,0.87,0.87,0.5,-0.5,C2026.1419.csv
27/05/2026,17:38:17,LOC113,PONTO,PNT8 BORDA,T,0.0,0.54,0.54,0.5,-0.5,C2026.1419.csv
27/05/2026,17:38:17,LOC114,PONTO,PNT7 BORDA,T,0.0,0.21,0.21,0.5,-0.5,C2026.1419.csv
27/05/2026,17:38:17,LOC115,PONTO,PNT6 BORDA,T,0.0,-0.13,-0.13,0.5,-0.5,C2026.1419.csv
27/05/2026,17:38:17,LOC116,PONTO,PNT5 BORDA,T,0.0,0.1,0.1,0.5,-0.5,C2026.1419.csv
27/05/2026,17:38:17,LOC117,PONTO,PNT4 BORDA,T,0.0,0.14,0.14,0.5,-0.5,C2026.1419.csv
27/05/2026,17:38:17,LOC118,PONTO,PNT3 BORDA,T,0.0,0.16,0.16,0.5,-0.5,C2026.1419.csv
27/05/2026,17:38:17,LOC119,PONTO,PNT21 BORDA,T,0.0,-0.15,-0.15,0.5,-0.5,C2026.1419.csv
27/05/2026,17:38:17,LOC120,PONTO,PNT20 BORDA,T,0.0,0.04,0.04,0.5,-0.5,C2026.1419.csv
27/05/2026,17:38:17,LOC121,PONTO,PNT2 BORDA,T,0.0,-0.07,-0.07,0.5,-0.5,C2026.1419.csv
27/05/2026,17:38:17,LOC122,PONTO,PNT19 BORDA,T,0.0,0.09,0.09,0.5,-0.5,C2026.1419.csv
27/05/2026,17:38:17,LOC123,PONTO,PNT18 BORDA,T,0.0,-0.34,-0.34,0.5,-0.5,C2026.1419.csv
27/05/2026,17:38:17,LOC124,PONTO,PNT17 BORDA,T,0.0,-1.64,-1.64,0.5,-0.5,C2026.1419.csv
27/05/2026,17:38:17,LOC125,PONTO,PNT16 BORDA,T,0.0,0.28,0.28,0.5,-0.5,C2026.1419.csv
27/05/2026,17:38:17,LOC126,PONTO,PNT15 BPRDA,T,0.0,-1.0,-1.0,0.5,-0.5,C2026.1419.csv
27/05/2026,17:38:17,LOC127,PONTO,PNT14 BORDA,T,0.0,0.02,0.02,0.5,-0.5,C2026.1419.csv
27/05/2026,17:38:17,LOC128,PONTO,PNT13 BORDA,T,0.0,-0.85,-0.85,0.5,-0.5,C2026.1419.csv
27/05/2026,17:38:17,LOC129,PONTO,PNT12 BORDA,T,0.0,-1.01,-1.01,0.5,-0.5,C2026.1419.csv
27/05/2026,17:38:17,LOC130,PONTO,PNT11 BORDA,T,0.0,-0.26,-0.26,0.5,-0.5,C2026.1419.csv
27/05/2026,17:38:17,LOC131,PONTO,PNT10 BORDA,T,0.0,1.23,1.23,0.5,-0.5,C2026.1419.csv
27/05/2026,17:38:17,LOC132,PONTO,PNT1 BORDA,T,0.0,-1.38,-1.38,0.5,-0.5,C2026.1419.csv
29/05/2026,18:23:57,LOC23,CÍRCULO,28359,Y,830.08,828.75,-1.33,0.5,-0.5,C2026.1420.csv
29/05/2026,18:23:57,LOC23,CÍRCULO,28359,Z,273.81,273.4,-0.41,0.5,-0.5,C2026.1420.csv
29/05/2026,18:23:57,LOC62,CÍRCULO,28354,Y,821.91,822.8,0.89,0.5,-0.5,C2026.1420.csv
29/05/2026,18:23:57,LOC62,CÍRCULO,28354,Z,648.15,647.3,-0.85,0.5,-0.5,C2026.1420.csv
29/05/2026,18:23:57,LOC63,CÍRCULO,CÍR5,X,1575.12,1574.67,-0.46,0.5,-0.5,C2026.1420.csv
29/05/2026,18:23:57,LOC63,CÍRCULO,CÍR5,Y,778.0,777.06,-0.94,0.5,-0.5,C2026.1420.csv
29/05/2026,18:23:57,LOC63,CÍRCULO,CÍR5,Z,405.75,405.7,-0.05,0.5,-0.5,C2026.1420.csv
29/05/2026,18:23:57,LOC64,SLOT,SLTR1,X,1571.67,1571.29,-0.38,1.0,-1.0,C2026.1420.csv
29/05/2026,18:23:57,LOC64,SLOT,SLTR1,Y,778.96,777.73,-1.23,1.0,-1.0,C2026.1420.csv
29/05/2026,18:23:57,LOC64,SLOT,SLTR1,Z,361.9,361.83,-0.07,1.0,-1.0,C2026.1420.csv
29/05/2026,18:23:57,LOC65,CÍRCULO,CÍR4,X,1637.22,1636.46,-0.76,1.0,-1.0,C2026.1420.csv
29/05/2026,18:23:57,LOC65,CÍRCULO,CÍR4,Y,745.94,746.29,0.36,1.0,-1.0,C2026.1420.csv
29/05/2026,18:23:57,LOC65,CÍRCULO,CÍR4,Z,579.71,579.7,-0.02,1.0,-1.0,C2026.1420.csv
29/05/2026,18:23:57,LOC66,CÍRCULO,CÍR3,X,1622.23,1621.66,-0.57,1.0,-1.0,C2026.1420.csv
29/05/2026,18:23:57,LOC66,CÍRCULO,CÍR3,Y,750.37,749.93,-0.44,1.0,-1.0,C2026.1420.csv
29/05/2026,18:23:57,LOC66,CÍRCULO,CÍR3,Z,427.84,427.63,-0.2,1.0,-1.0,C2026.1420.csv
29/05/2026,18:23:57,LOC25,SLOT,SLTQ1,X,1607.11,1606.29,-0.82,1.0,-1.0,C2026.1420.csv
29/05/2026,18:23:57,LOC25,SLOT,SLTQ1,Y,770.84,771.04,0.19,1.0,-1.0,C2026.1420.csv
29/05/2026,18:23:57,LOC25,SLOT,SLTQ1,Z,496.72,496.64,-0.08,1.0,-1.0,C2026.1420.csv
29/05/2026,18:23:57,DIST1,DIST,28354 → 28359,M,8.17,5.95,-2.22,0.8,-0.8,C2026.1420.csv
29/05/2026,18:23:57,DIST2,DIST,28359 → 28354,M,374.34,373.9,-0.44,0.8,-0.8,C2026.1420.csv
29/05/2026,18:23:57,LOC67,PONTO,PNT15,T,0.0,-0.01,-0.01,0.5,-0.5,C2026.1420.csv
29/05/2026,18:23:57,LOC68,PONTO,PNT16,T,0.0,-0.25,-0.25,0.5,-0.5,C2026.1420.csv
29/05/2026,18:23:57,LOC69,PONTO,PNT17,T,0.0,0.16,0.16,0.5,-0.5,C2026.1420.csv
29/05/2026,18:23:57,LOC70,PONTO,PNT18,T,0.0,0.01,0.01,0.5,-0.5,C2026.1420.csv
29/05/2026,18:23:57,LOC71,PONTO,PNT19,T,0.0,-0.17,-0.17,0.5,-0.5,C2026.1420.csv
29/05/2026,18:23:57,LOC72,PONTO,PNT20,T,0.0,0.21,0.21,0.5,-0.5,C2026.1420.csv
29/05/2026,18:23:57,LOC73,PONTO,PNT21,T,0.0,0.0,0.0,0.5,-0.5,C2026.1420.csv
29/05/2026,18:23:57,LOC74,PONTO,PNT22,T,0.0,0.72,0.72,0.5,-0.5,C2026.1420.csv
29/05/2026,18:23:57,LOC75,PONTO,PNT23,T,0.0,0.56,0.56,0.5,-0.5,C2026.1420.csv
29/05/2026,18:23:57,LOC76,PONTO,PNT24,T,0.0,0.59,0.59,0.5,-0.5,C2026.1420.csv
29/05/2026,18:23:57,LOC77,PONTO,PNT25,T,0.0,0.27,0.27,0.5,-0.5,C2026.1420.csv
29/05/2026,18:23:57,LOC78,PONTO,PNT26,T,0.0,0.0,0.0,0.5,-0.5,C2026.1420.csv
29/05/2026,18:23:57,LOC79,PONTO,PNT27,T,0.0,-0.41,-0.41,0.5,-0.5,C2026.1420.csv
29/05/2026,18:23:57,LOC80,PONTO,PNT28,T,0.0,-0.24,-0.24,0.5,-0.5,C2026.1420.csv
29/05/2026,18:23:57,LOC81,PONTO,PNT29,T,0.0,0.01,0.01,0.5,-0.5,C2026.1420.csv
29/05/2026,18:23:57,LOC82,PONTO,PNT30,T,0.0,0.22,0.22,0.5,-0.5,C2026.1420.csv
29/05/2026,18:23:57,LOC83,PONTO,PNT31,T,0.0,-0.66,-0.66,0.5,-0.5,C2026.1420.csv
29/05/2026,18:23:57,LOC84,PONTO,PNT32,T,0.0,0.18,0.18,0.5,-0.5,C2026.1420.csv
29/05/2026,18:23:57,LOC85,PONTO,PNT33,T,0.0,0.04,0.04,0.5,-0.5,C2026.1420.csv
29/05/2026,18:23:57,LOC86,PONTO,PNT34,T,0.0,-0.06,-0.06,0.5,-0.5,C2026.1420.csv
29/05/2026,18:23:57,LOC87,PONTO,PNT35,T,0.0,-0.03,-0.03,0.5,-0.5,C2026.1420.csv
29/05/2026,18:23:57,LOC88,PONTO,PNT36,T,0.0,-0.1,-0.1,0.5,-0.5,C2026.1420.csv
29/05/2026,18:23:57,LOC89,PONTO,PNT37,T,0.0,-0.26,-0.26,0.5,-0.5,C2026.1420.csv
29/05/2026,18:23:57,LOC90,PONTO,PNT38,T,0.0,0.19,0.19,0.5,-0.5,C2026.1420.csv
29/05/2026,18:23:57,LOC91,PONTO,PNT39,T,0.0,0.3,0.3,0.5,-0.5,C2026.1420.csv
29/05/2026,18:23:57,LOC92,PONTO,PNT40,T,0.0,0.55,0.55,0.5,-0.5,C2026.1420.csv
29/05/2026,18:23:57,LOC93,PONTO,PNT41,T,0.0,0.68,0.68,0.5,-0.5,C2026.1420.csv
29/05/2026,18:23:57,LOC94,PONTO,PNT42,T,0.0,-0.62,-0.62,0.5,-0.5,C2026.1420.csv
29/05/2026,18:23:57,LOC95,PONTO,PNT43,T,0.0,0.24,0.24,0.5,-0.5,C2026.1420.csv
29/05/2026,18:23:57,LOC96,PONTO,PNT44,T,0.0,1.55,1.55,0.5,-0.5,C2026.1420.csv
29/05/2026,18:23:57,LOC97,PONTO,PNT45,T,0.0,0.23,0.23,0.5,-0.5,C2026.1420.csv
29/05/2026,18:23:57,LOC98,PONTO,PNT46,T,0.0,0.2,0.2,0.5,-0.5,C2026.1420.csv
29/05/2026,18:23:57,LOC99,PONTO,PNT47,T,0.0,-0.32,-0.32,0.5,-0.5,C2026.1420.csv
29/05/2026,18:23:57,LOC100,PONTO,PNT48,T,0.0,0.42,0.42,0.5,-0.5,C2026.1420.csv
29/05/2026,18:23:57,LOC101,PONTO,PNT49,T,0.0,-0.73,-0.73,0.5,-0.5,C2026.1420.csv
29/05/2026,18:23:57,LOC102,PONTO,PNT51,T,0.0,-0.9,-0.9,0.5,-0.5,C2026.1420.csv
29/05/2026,18:23:57,LOC103,PONTO,PNT52,T,0.0,-0.58,-0.58,0.5,-0.5,C2026.1420.csv
29/05/2026,18:23:57,LOC104,PONTO,PNT53,T,0.0,-1.54,-1.54,0.5,-0.5,C2026.1420.csv
29/05/2026,18:23:57,LOC105,PONTO,PNT54,T,0.0,-0.96,-0.96,0.5,-0.5,C2026.1420.csv
29/05/2026,18:23:57,LOC106,PONTO,PNT55,T,0.0,-1.13,-1.13,0.5,-0.5,C2026.1420.csv
29/05/2026,18:23:57,LOC107,PONTO,PNT56,T,0.0,-0.53,-0.53,0.5,-0.5,C2026.1420.csv
29/05/2026,18:23:57,LOC108,PONTO,PNT57,T,0.0,-0.99,-0.99,0.5,-0.5,C2026.1420.csv
29/05/2026,18:23:57,LOC109,PONTO,PNT58,T,0.0,-0.54,-0.54,0.5,-0.5,C2026.1420.csv
29/05/2026,18:23:57,LOC110,PONTO,PNT59,T,0.0,-0.05,-0.05,0.5,-0.5,C2026.1420.csv
29/05/2026,18:23:57,LOC111,PONTO,PNT60,T,0.0,-0.37,-0.37,0.5,-0.5,C2026.1420.csv
29/05/2026,18:23:57,LOC112,PONTO,PNT9 BORDA,T,0.0,0.74,0.74,0.5,-0.5,C2026.1420.csv
29/05/2026,18:23:57,LOC113,PONTO,PNT8 BORDA,T,0.0,0.42,0.42,0.5,-0.5,C2026.1420.csv
29/05/2026,18:23:57,LOC114,PONTO,PNT7 BORDA,T,0.0,0.09,0.09,0.5,-0.5,C2026.1420.csv
29/05/2026,18:23:57,LOC115,PONTO,PNT6 BORDA,T,0.0,-0.26,-0.26,0.5,-0.5,C2026.1420.csv
29/05/2026,18:23:57,LOC116,PONTO,PNT5 BORDA,T,0.0,-0.04,-0.04,0.5,-0.5,C2026.1420.csv
29/05/2026,18:23:57,LOC117,PONTO,PNT4 BORDA,T,0.0,0.0,0.0,0.5,-0.5,C2026.1420.csv
29/05/2026,18:23:57,LOC118,PONTO,PNT3 BORDA,T,0.0,0.03,0.03,0.5,-0.5,C2026.1420.csv
29/05/2026,18:23:57,LOC119,PONTO,PNT21 BORDA,T,0.0,-0.11,-0.11,0.5,-0.5,C2026.1420.csv
29/05/2026,18:23:57,LOC120,PONTO,PNT20 BORDA,T,0.0,0.27,0.27,0.5,-0.5,C2026.1420.csv
29/05/2026,18:23:57,LOC121,PONTO,PNT2 BORDA,T,0.0,-0.17,-0.17,0.5,-0.5,C2026.1420.csv
29/05/2026,18:23:57,LOC122,PONTO,PNT19 BORDA,T,0.0,0.31,0.31,0.5,-0.5,C2026.1420.csv
29/05/2026,18:23:57,LOC123,PONTO,PNT18 BORDA,T,0.0,-0.55,-0.55,0.5,-0.5,C2026.1420.csv
29/05/2026,18:23:57,LOC124,PONTO,PNT17 BORDA,T,0.0,-1.99,-1.99,0.5,-0.5,C2026.1420.csv
29/05/2026,18:23:57,LOC125,PONTO,PNT16 BORDA,T,0.0,0.31,0.31,0.5,-0.5,C2026.1420.csv
29/05/2026,18:23:57,LOC126,PONTO,PNT15 BPRDA,T,0.0,-1.26,-1.26,0.5,-0.5,C2026.1420.csv
29/05/2026,18:23:57,LOC127,PONTO,PNT14 BORDA,T,0.0,0.41,0.41,0.5,-0.5,C2026.1420.csv
29/05/2026,18:23:57,LOC128,PONTO,PNT13 BORDA,T,0.0,-0.83,-0.83,0.5,-0.5,C2026.1420.csv
29/05/2026,18:23:57,LOC129,PONTO,PNT12 BORDA,T,0.0,-0.86,-0.86,0.5,-0.5,C2026.1420.csv
29/05/2026,18:23:57,LOC130,PONTO,PNT11 BORDA,T,0.0,-0.22,-0.22,0.5,-0.5,C2026.1420.csv
29/05/2026,18:23:57,LOC131,PONTO,PNT10 BORDA,T,0.0,1.24,1.24,0.5,-0.5,C2026.1420.csv
29/05/2026,18:23:57,LOC132,PONTO,PNT1 BORDA,T,0.0,-1.44,-1.44,0.5,-0.5,C2026.1420.csv
05/06/2026,09:54:53,LOC23,CÍRCULO,28359,Y,830.08,828.69,-1.39,0.5,-0.5,C2026.1468.csv
05/06/2026,09:54:53,LOC23,CÍRCULO,28359,Z,273.81,273.25,-0.56,0.5,-0.5,C2026.1468.csv
05/06/2026,09:54:53,LOC62,CÍRCULO,28354,Y,821.91,823.25,1.34,0.5,-0.5,C2026.1468.csv
05/06/2026,09:54:53,LOC62,CÍRCULO,28354,Z,648.15,647.57,-0.58,0.5,-0.5,C2026.1468.csv
05/06/2026,09:54:53,LOC63,CÍRCULO,CÍR5,X,1575.12,1574.64,-0.49,0.5,-0.5,C2026.1468.csv
05/06/2026,09:54:53,LOC63,CÍRCULO,CÍR5,Y,778.0,777.0,-1.0,0.5,-0.5,C2026.1468.csv
05/06/2026,09:54:53,LOC63,CÍRCULO,CÍR5,Z,405.75,405.44,-0.3,0.5,-0.5,C2026.1468.csv
05/06/2026,09:54:53,LOC64,SLOT,SLTR1,X,1571.67,1571.27,-0.4,1.0,-1.0,C2026.1468.csv
05/06/2026,09:54:53,LOC64,SLOT,SLTR1,Y,778.96,777.64,-1.32,1.0,-1.0,C2026.1468.csv
05/06/2026,09:54:53,LOC64,SLOT,SLTR1,Z,361.9,361.56,-0.34,1.0,-1.0,C2026.1468.csv
05/06/2026,09:54:53,LOC65,CÍRCULO,CÍR4,X,1637.22,1636.59,-0.63,1.0,-1.0,C2026.1468.csv
05/06/2026,09:54:53,LOC65,CÍRCULO,CÍR4,Y,745.94,746.44,0.5,1.0,-1.0,C2026.1468.csv
05/06/2026,09:54:53,LOC65,CÍRCULO,CÍR4,Z,579.71,579.36,-0.35,1.0,-1.0,C2026.1468.csv
05/06/2026,09:54:53,LOC66,CÍRCULO,CÍR3,X,1622.23,1621.51,-0.72,1.0,-1.0,C2026.1468.csv
05/06/2026,09:54:53,LOC66,CÍRCULO,CÍR3,Y,750.37,749.88,-0.49,1.0,-1.0,C2026.1468.csv
05/06/2026,09:54:53,LOC66,CÍRCULO,CÍR3,Z,427.84,427.4,-0.43,1.0,-1.0,C2026.1468.csv
05/06/2026,09:54:53,LOC25,SLOT,SLTQ1,X,1607.11,1606.18,-0.93,1.0,-1.0,C2026.1468.csv
05/06/2026,09:54:53,LOC25,SLOT,SLTQ1,Y,770.84,771.17,0.32,1.0,-1.0,C2026.1468.csv
05/06/2026,09:54:53,LOC25,SLOT,SLTQ1,Z,496.72,496.37,-0.35,1.0,-1.0,C2026.1468.csv
05/06/2026,09:54:53,DIST1,DIST,28354 → 28359,M,8.17,5.43,-2.73,0.8,-0.8,C2026.1468.csv
05/06/2026,09:54:53,DIST2,DIST,28359 → 28354,M,374.34,374.32,-0.03,0.8,-0.8,C2026.1468.csv
05/06/2026,09:54:53,LOC67,PONTO,PNT15,T,0.0,0.04,0.04,0.5,-0.5,C2026.1468.csv
05/06/2026,09:54:53,LOC68,PONTO,PNT16,T,0.0,-0.21,-0.21,0.5,-0.5,C2026.1468.csv
05/06/2026,09:54:53,LOC69,PONTO,PNT17,T,0.0,-0.02,-0.02,0.5,-0.5,C2026.1468.csv
05/06/2026,09:54:53,LOC70,PONTO,PNT18,T,0.0,-0.25,-0.25,0.5,-0.5,C2026.1468.csv
05/06/2026,09:54:53,LOC71,PONTO,PNT19,T,0.0,-0.28,-0.28,0.5,-0.5,C2026.1468.csv
05/06/2026,09:54:53,LOC72,PONTO,PNT20,T,0.0,0.1,0.1,0.5,-0.5,C2026.1468.csv
05/06/2026,09:54:53,LOC73,PONTO,PNT21,T,0.0,-0.03,-0.03,0.5,-0.5,C2026.1468.csv
05/06/2026,09:54:53,LOC74,PONTO,PNT22,T,0.0,0.79,0.79,0.5,-0.5,C2026.1468.csv
05/06/2026,09:54:53,LOC75,PONTO,PNT23,T,0.0,0.76,0.76,0.5,-0.5,C2026.1468.csv
05/06/2026,09:54:53,LOC76,PONTO,PNT24,T,0.0,0.73,0.73,0.5,-0.5,C2026.1468.csv
05/06/2026,09:54:53,LOC77,PONTO,PNT25,T,0.0,0.36,0.36,0.5,-0.5,C2026.1468.csv
05/06/2026,09:54:53,LOC78,PONTO,PNT26,T,0.0,0.06,0.06,0.5,-0.5,C2026.1468.csv
05/06/2026,09:54:53,LOC79,PONTO,PNT27,T,0.0,-0.28,-0.28,0.5,-0.5,C2026.1468.csv
05/06/2026,09:54:53,LOC80,PONTO,PNT28,T,0.0,-0.14,-0.14,0.5,-0.5,C2026.1468.csv
05/06/2026,09:54:53,LOC81,PONTO,PNT29,T,0.0,0.13,0.13,0.5,-0.5,C2026.1468.csv
05/06/2026,09:54:53,LOC82,PONTO,PNT30,T,0.0,0.4,0.4,0.5,-0.5,C2026.1468.csv
05/06/2026,09:54:53,LOC83,PONTO,PNT31,T,0.0,-0.69,-0.69,0.5,-0.5,C2026.1468.csv
05/06/2026,09:54:53,LOC84,PONTO,PNT32,T,0.0,0.15,0.15,0.5,-0.5,C2026.1468.csv
05/06/2026,09:54:53,LOC85,PONTO,PNT33,T,0.0,-0.01,-0.01,0.5,-0.5,C2026.1468.csv
05/06/2026,09:54:53,LOC86,PONTO,PNT34,T,0.0,-0.08,-0.08,0.5,-0.5,C2026.1468.csv
05/06/2026,09:54:53,LOC87,PONTO,PNT35,T,0.0,-0.03,-0.03,0.5,-0.5,C2026.1468.csv
05/06/2026,09:54:53,LOC88,PONTO,PNT36,T,0.0,-0.01,-0.01,0.5,-0.5,C2026.1468.csv
05/06/2026,09:54:53,LOC89,PONTO,PNT37,T,0.0,-0.2,-0.2,0.5,-0.5,C2026.1468.csv
05/06/2026,09:54:53,LOC90,PONTO,PNT38,T,0.0,0.16,0.16,0.5,-0.5,C2026.1468.csv
05/06/2026,09:54:53,LOC91,PONTO,PNT39,T,0.0,0.49,0.49,0.5,-0.5,C2026.1468.csv
05/06/2026,09:54:53,LOC92,PONTO,PNT40,T,0.0,0.83,0.83,0.5,-0.5,C2026.1468.csv
05/06/2026,09:54:53,LOC93,PONTO,PNT41,T,0.0,1.0,1.0,0.5,-0.5,C2026.1468.csv
05/06/2026,09:54:53,LOC94,PONTO,PNT42,T,0.0,-0.57,-0.57,0.5,-0.5,C2026.1468.csv
05/06/2026,09:54:53,LOC95,PONTO,PNT43,T,0.0,0.28,0.28,0.5,-0.5,C2026.1468.csv
05/06/2026,09:54:53,LOC96,PONTO,PNT44,T,0.0,1.66,1.66,0.5,-0.5,C2026.1468.csv
05/06/2026,09:54:53,LOC97,PONTO,PNT45,T,0.0,0.34,0.34,0.5,-0.5,C2026.1468.csv
05/06/2026,09:54:53,LOC98,PONTO,PNT46,T,0.0,0.35,0.35,0.5,-0.5,C2026.1468.csv
05/06/2026,09:54:53,LOC99,PONTO,PNT47,T,0.0,-0.27,-0.27,0.5,-0.5,C2026.1468.csv
05/06/2026,09:54:53,LOC100,PONTO,PNT48,T,0.0,0.52,0.52,0.5,-0.5,C2026.1468.csv
05/06/2026,09:54:53,LOC101,PONTO,PNT49,T,0.0,-0.68,-0.68,0.5,-0.5,C2026.1468.csv
05/06/2026,09:54:53,LOC102,PONTO,PNT51,T,0.0,-0.86,-0.86,0.5,-0.5,C2026.1468.csv
05/06/2026,09:54:53,LOC103,PONTO,PNT52,T,0.0,-0.62,-0.62,0.5,-0.5,C2026.1468.csv
05/06/2026,09:54:53,LOC104,PONTO,PNT53,T,0.0,-1.57,-1.57,0.5,-0.5,C2026.1468.csv
05/06/2026,09:54:53,LOC105,PONTO,PNT54,T,0.0,-0.99,-0.99,0.5,-0.5,C2026.1468.csv
05/06/2026,09:54:53,LOC106,PONTO,PNT55,T,0.0,-1.07,-1.07,0.5,-0.5,C2026.1468.csv
05/06/2026,09:54:53,LOC107,PONTO,PNT56,T,0.0,-0.62,-0.62,0.5,-0.5,C2026.1468.csv
05/06/2026,09:54:53,LOC108,PONTO,PNT57,T,0.0,-0.82,-0.82,0.5,-0.5,C2026.1468.csv
05/06/2026,09:54:53,LOC109,PONTO,PNT58,T,0.0,-0.51,-0.51,0.5,-0.5,C2026.1468.csv
05/06/2026,09:54:53,LOC110,PONTO,PNT59,T,0.0,-0.17,-0.17,0.5,-0.5,C2026.1468.csv
05/06/2026,09:54:53,LOC111,PONTO,PNT60,T,0.0,-0.63,-0.63,0.5,-0.5,C2026.1468.csv
05/06/2026,09:54:53,LOC112,PONTO,PNT9 BORDA,T,0.0,0.77,0.77,0.5,-0.5,C2026.1468.csv
05/06/2026,09:54:53,LOC113,PONTO,PNT8 BORDA,T,0.0,0.38,0.38,0.5,-0.5,C2026.1468.csv
05/06/2026,09:54:53,LOC114,PONTO,PNT7 BORDA,T,0.0,-0.13,-0.13,0.5,-0.5,C2026.1468.csv
05/06/2026,09:54:53,LOC115,PONTO,PNT6 BORDA,T,0.0,-0.38,-0.38,0.5,-0.5,C2026.1468.csv
05/06/2026,09:54:53,LOC116,PONTO,PNT5 BORDA,T,0.0,-0.12,-0.12,0.5,-0.5,C2026.1468.csv
05/06/2026,09:54:53,LOC117,PONTO,PNT4 BORDA,T,0.0,0.0,0.0,0.5,-0.5,C2026.1468.csv
05/06/2026,09:54:53,LOC118,PONTO,PNT3 BORDA,T,0.0,0.04,0.04,0.5,-0.5,C2026.1468.csv
05/06/2026,09:54:53,LOC119,PONTO,PNT21 BORDA,T,0.0,-0.01,-0.01,0.5,-0.5,C2026.1468.csv
05/06/2026,09:54:53,LOC120,PONTO,PNT20 BORDA,T,0.0,0.59,0.59,0.5,-0.5,C2026.1468.csv
05/06/2026,09:54:53,LOC121,PONTO,PNT2 BORDA,T,0.0,-0.04,-0.04,0.5,-0.5,C2026.1468.csv
05/06/2026,09:54:53,LOC122,PONTO,PNT19 BORDA,T,0.0,0.47,0.47,0.5,-0.5,C2026.1468.csv
05/06/2026,09:54:53,LOC123,PONTO,PNT18 BORDA,T,0.0,-0.76,-0.76,0.5,-0.5,C2026.1468.csv
05/06/2026,09:54:53,LOC124,PONTO,PNT17 BORDA,T,0.0,-1.9,-1.9,0.5,-0.5,C2026.1468.csv
05/06/2026,09:54:53,LOC125,PONTO,PNT16 BORDA,T,0.0,0.13,0.13,0.5,-0.5,C2026.1468.csv
05/06/2026,09:54:53,LOC126,PONTO,PNT15 BPRDA,T,0.0,-1.37,-1.37,0.5,-0.5,C2026.1468.csv
05/06/2026,09:54:53,LOC127,PONTO,PNT14 BORDA,T,0.0,0.29,0.29,0.5,-0.5,C2026.1468.csv
05/06/2026,09:54:53,LOC128,PONTO,PNT13 BORDA,T,0.0,-0.96,-0.96,0.5,-0.5,C2026.1468.csv
05/06/2026,09:54:53,LOC129,PONTO,PNT12 BORDA,T,0.0,0.08,0.08,0.5,-0.5,C2026.1468.csv
05/06/2026,09:54:53,LOC130,PONTO,PNT11 BORDA,T,0.0,0.03,0.03,0.5,-0.5,C2026.1468.csv
05/06/2026,09:54:53,LOC131,PONTO,PNT10 BORDA,T,0.0,1.44,1.44,0.5,-0.5,C2026.1468.csv
05/06/2026,09:54:53,LOC132,PONTO,PNT1 BORDA,T,0.0,-1.22,-1.22,0.5,-0.5,C2026.1468.csv
08/06/2026,09:54:53,LOC23,CÍRCULO,28359,Y,830.08,828.32,-1.76,0.5,-0.5,C2026.1469.csv
08/06/2026,09:54:53,LOC23,CÍRCULO,28359,Z,273.81,273.88,0.08,0.5,-0.5,C2026.1469.csv
08/06/2026,09:54:53,LOC62,CÍRCULO,28354,Y,821.91,822.93,1.02,0.5,-0.5,C2026.1469.csv
08/06/2026,09:54:53,LOC62,CÍRCULO,28354,Z,648.15,647.97,-0.18,0.5,-0.5,C2026.1469.csv
08/06/2026,09:54:53,LOC63,CÍRCULO,CÍR5,X,1575.12,1574.98,-0.14,0.5,-0.5,C2026.1469.csv
08/06/2026,09:54:53,LOC63,CÍRCULO,CÍR5,Y,778.0,777.0,-1.0,0.5,-0.5,C2026.1469.csv
08/06/2026,09:54:53,LOC63,CÍRCULO,CÍR5,Z,405.75,405.71,-0.04,0.5,-0.5,C2026.1469.csv
08/06/2026,09:54:53,LOC64,SLOT,SLTR1,X,1571.67,1571.59,-0.08,1.0,-1.0,C2026.1469.csv
08/06/2026,09:54:53,LOC64,SLOT,SLTR1,Y,778.96,777.68,-1.28,1.0,-1.0,C2026.1469.csv
08/06/2026,09:54:53,LOC64,SLOT,SLTR1,Z,361.9,361.82,-0.08,1.0,-1.0,C2026.1469.csv
08/06/2026,09:54:53,LOC65,CÍRCULO,CÍR4,X,1637.22,1636.54,-0.68,1.0,-1.0,C2026.1469.csv
08/06/2026,09:54:53,LOC65,CÍRCULO,CÍR4,Y,745.94,746.26,0.32,1.0,-1.0,C2026.1469.csv
08/06/2026,09:54:53,LOC65,CÍRCULO,CÍR4,Z,579.71,579.61,-0.1,1.0,-1.0,C2026.1469.csv
08/06/2026,09:54:53,LOC66,CÍRCULO,CÍR3,X,1622.23,1621.77,-0.46,1.0,-1.0,C2026.1469.csv
08/06/2026,09:54:53,LOC66,CÍRCULO,CÍR3,Y,750.37,749.81,-0.55,1.0,-1.0,C2026.1469.csv
08/06/2026,09:54:53,LOC66,CÍRCULO,CÍR3,Z,427.84,427.66,-0.17,1.0,-1.0,C2026.1469.csv
08/06/2026,09:54:53,LOC25,SLOT,SLTQ1,X,1607.11,1606.36,-0.75,1.0,-1.0,C2026.1469.csv
08/06/2026,09:54:53,LOC25,SLOT,SLTQ1,Y,770.84,771.05,0.21,1.0,-1.0,C2026.1469.csv
08/06/2026,09:54:53,LOC25,SLOT,SLTQ1,Z,496.72,496.63,-0.09,1.0,-1.0,C2026.1469.csv
08/06/2026,09:54:53,DIST1,DIST,28354 → 28359,M,8.17,5.4,-2.77,0.8,-0.8,C2026.1469.csv
08/06/2026,09:54:53,DIST2,DIST,28359 → 28354,M,374.34,374.09,-0.26,0.8,-0.8,C2026.1469.csv
08/06/2026,09:54:53,LOC67,PONTO,PNT15,T,0.0,0.02,0.02,0.5,-0.5,C2026.1469.csv
08/06/2026,09:54:53,LOC68,PONTO,PNT16,T,0.0,-0.19,-0.19,0.5,-0.5,C2026.1469.csv
08/06/2026,09:54:53,LOC69,PONTO,PNT17,T,0.0,0.02,0.02,0.5,-0.5,C2026.1469.csv
08/06/2026,09:54:53,LOC70,PONTO,PNT18,T,0.0,-0.2,-0.2,0.5,-0.5,C2026.1469.csv
08/06/2026,09:54:53,LOC71,PONTO,PNT19,T,0.0,-0.21,-0.21,0.5,-0.5,C2026.1469.csv
08/06/2026,09:54:53,LOC72,PONTO,PNT20,T,0.0,0.14,0.14,0.5,-0.5,C2026.1469.csv
08/06/2026,09:54:53,LOC73,PONTO,PNT21,T,0.0,-0.02,-0.02,0.5,-0.5,C2026.1469.csv
08/06/2026,09:54:53,LOC74,PONTO,PNT22,T,0.0,0.78,0.78,0.5,-0.5,C2026.1469.csv
08/06/2026,09:54:53,LOC75,PONTO,PNT23,T,0.0,0.49,0.49,0.5,-0.5,C2026.1469.csv
08/06/2026,09:54:53,LOC76,PONTO,PNT24,T,0.0,0.58,0.58,0.5,-0.5,C2026.1469.csv
08/06/2026,09:54:53,LOC77,PONTO,PNT25,T,0.0,0.31,0.31,0.5,-0.5,C2026.1469.csv
08/06/2026,09:54:53,LOC78,PONTO,PNT26,T,0.0,-0.02,-0.02,0.5,-0.5,C2026.1469.csv
08/06/2026,09:54:53,LOC79,PONTO,PNT27,T,0.0,-0.52,-0.52,0.5,-0.5,C2026.1469.csv
08/06/2026,09:54:53,LOC80,PONTO,PNT28,T,0.0,-0.19,-0.19,0.5,-0.5,C2026.1469.csv
08/06/2026,09:54:53,LOC81,PONTO,PNT29,T,0.0,-0.11,-0.11,0.5,-0.5,C2026.1469.csv
08/06/2026,09:54:53,LOC82,PONTO,PNT30,T,0.0,0.25,0.25,0.5,-0.5,C2026.1469.csv
08/06/2026,09:54:53,LOC83,PONTO,PNT31,T,0.0,-0.78,-0.78,0.5,-0.5,C2026.1469.csv
08/06/2026,09:54:53,LOC84,PONTO,PNT32,T,0.0,0.14,0.14,0.5,-0.5,C2026.1469.csv
08/06/2026,09:54:53,LOC85,PONTO,PNT33,T,0.0,0.05,0.05,0.5,-0.5,C2026.1469.csv
08/06/2026,09:54:53,LOC86,PONTO,PNT34,T,0.0,0.04,0.04,0.5,-0.5,C2026.1469.csv
08/06/2026,09:54:53,LOC87,PONTO,PNT35,T,0.0,0.11,0.11,0.5,-0.5,C2026.1469.csv
08/06/2026,09:54:53,LOC88,PONTO,PNT36,T,0.0,0.02,0.02,0.5,-0.5,C2026.1469.csv
08/06/2026,09:54:53,LOC89,PONTO,PNT37,T,0.0,-0.17,-0.17,0.5,-0.5,C2026.1469.csv
08/06/2026,09:54:53,LOC90,PONTO,PNT38,T,0.0,0.22,0.22,0.5,-0.5,C2026.1469.csv
08/06/2026,09:54:53,LOC91,PONTO,PNT39,T,0.0,0.3,0.3,0.5,-0.5,C2026.1469.csv
08/06/2026,09:54:53,LOC92,PONTO,PNT40,T,0.0,0.67,0.67,0.5,-0.5,C2026.1469.csv
08/06/2026,09:54:53,LOC93,PONTO,PNT41,T,0.0,0.61,0.61,0.5,-0.5,C2026.1469.csv
08/06/2026,09:54:53,LOC94,PONTO,PNT42,T,0.0,-0.15,-0.15,0.5,-0.5,C2026.1469.csv
08/06/2026,09:54:53,LOC95,PONTO,PNT43,T,0.0,0.27,0.27,0.5,-0.5,C2026.1469.csv
08/06/2026,09:54:53,LOC96,PONTO,PNT44,T,0.0,1.73,1.73,0.5,-0.5,C2026.1469.csv
08/06/2026,09:54:53,LOC97,PONTO,PNT45,T,0.0,0.4,0.4,0.5,-0.5,C2026.1469.csv
08/06/2026,09:54:53,LOC98,PONTO,PNT46,T,0.0,0.44,0.44,0.5,-0.5,C2026.1469.csv
08/06/2026,09:54:53,LOC99,PONTO,PNT47,T,0.0,-0.11,-0.11,0.5,-0.5,C2026.1469.csv
08/06/2026,09:54:53,LOC100,PONTO,PNT48,T,0.0,0.64,0.64,0.5,-0.5,C2026.1469.csv
08/06/2026,09:54:53,LOC101,PONTO,PNT49,T,0.0,-0.47,-0.47,0.5,-0.5,C2026.1469.csv
08/06/2026,09:54:53,LOC102,PONTO,PNT51,T,0.0,-0.58,-0.58,0.5,-0.5,C2026.1469.csv
08/06/2026,09:54:53,LOC103,PONTO,PNT52,T,0.0,-0.32,-0.32,0.5,-0.5,C2026.1469.csv
08/06/2026,09:54:53,LOC104,PONTO,PNT53,T,0.0,-1.22,-1.22,0.5,-0.5,C2026.1469.csv
08/06/2026,09:54:53,LOC105,PONTO,PNT54,T,0.0,-0.89,-0.89,0.5,-0.5,C2026.1469.csv
08/06/2026,09:54:53,LOC106,PONTO,PNT55,T,0.0,-0.88,-0.88,0.5,-0.5,C2026.1469.csv
08/06/2026,09:54:53,LOC107,PONTO,PNT56,T,0.0,-0.68,-0.68,0.5,-0.5,C2026.1469.csv
08/06/2026,09:54:53,LOC108,PONTO,PNT57,T,0.0,-1.0,-1.0,0.5,-0.5,C2026.1469.csv
08/06/2026,09:54:53,LOC109,PONTO,PNT58,T,0.0,-0.28,-0.28,0.5,-0.5,C2026.1469.csv
08/06/2026,09:54:53,LOC110,PONTO,PNT59,T,0.0,-0.23,-0.23,0.5,-0.5,C2026.1469.csv
08/06/2026,09:54:53,LOC111,PONTO,PNT60,T,0.0,-0.51,-0.51,0.5,-0.5,C2026.1469.csv
08/06/2026,09:54:53,LOC112,PONTO,PNT9 BORDA,T,0.0,0.68,0.68,0.5,-0.5,C2026.1469.csv
08/06/2026,09:54:53,LOC113,PONTO,PNT8 BORDA,T,0.0,0.58,0.58,0.5,-0.5,C2026.1469.csv
08/06/2026,09:54:53,LOC114,PONTO,PNT7 BORDA,T,0.0,0.12,0.12,0.5,-0.5,C2026.1469.csv
08/06/2026,09:54:53,LOC115,PONTO,PNT6 BORDA,T,0.0,-0.15,-0.15,0.5,-0.5,C2026.1469.csv
08/06/2026,09:54:53,LOC116,PONTO,PNT5 BORDA,T,0.0,0.05,0.05,0.5,-0.5,C2026.1469.csv
08/06/2026,09:54:53,LOC117,PONTO,PNT4 BORDA,T,0.0,0.13,0.13,0.5,-0.5,C2026.1469.csv
08/06/2026,09:54:53,LOC118,PONTO,PNT3 BORDA,T,0.0,0.24,0.24,0.5,-0.5,C2026.1469.csv
08/06/2026,09:54:53,LOC119,PONTO,PNT21 BORDA,T,0.0,-0.07,-0.07,0.5,-0.5,C2026.1469.csv
08/06/2026,09:54:53,LOC120,PONTO,PNT20 BORDA,T,0.0,0.24,0.24,0.5,-0.5,C2026.1469.csv
08/06/2026,09:54:53,LOC121,PONTO,PNT2 BORDA,T,0.0,-0.06,-0.06,0.5,-0.5,C2026.1469.csv
08/06/2026,09:54:53,LOC122,PONTO,PNT19 BORDA,T,0.0,0.14,0.14,0.5,-0.5,C2026.1469.csv
08/06/2026,09:54:53,LOC123,PONTO,PNT18 BORDA,T,0.0,-0.42,-0.42,0.5,-0.5,C2026.1469.csv
08/06/2026,09:54:53,LOC124,PONTO,PNT17 BORDA,T,0.0,-1.65,-1.65,0.5,-0.5,C2026.1469.csv
08/06/2026,09:54:53,LOC125,PONTO,PNT16 BORDA,T,0.0,0.32,0.32,0.5,-0.5,C2026.1469.csv
08/06/2026,09:54:53,LOC126,PONTO,PNT15 BPRDA,T,0.0,-1.06,-1.06,0.5,-0.5,C2026.1469.csv
08/06/2026,09:54:53,LOC127,PONTO,PNT14 BORDA,T,0.0,0.18,0.18,0.5,-0.5,C2026.1469.csv
08/06/2026,09:54:53,LOC128,PONTO,PNT13 BORDA,T,0.0,-0.98,-0.98,0.5,-0.5,C2026.1469.csv
08/06/2026,09:54:53,LOC129,PONTO,PNT12 BORDA,T,0.0,-0.3,-0.3,0.5,-0.5,C2026.1469.csv
08/06/2026,09:54:53,LOC130,PONTO,PNT11 BORDA,T,0.0,-0.29,-0.29,0.5,-0.5,C2026.1469.csv
08/06/2026,09:54:53,LOC131,PONTO,PNT10 BORDA,T,0.0,0.54,0.54,0.5,-0.5,C2026.1469.csv
08/06/2026,09:54:53,LOC132,PONTO,PNT1 BORDA,T,0.0,-1.32,-1.32,0.5,-0.5,C2026.1469.csv
10/06/2026,09:54:53,LOC23,CÍRCULO,28359,Y,830.08,828.7,-1.38,0.5,-0.5,C2026.1470.csv
10/06/2026,09:54:53,LOC23,CÍRCULO,28359,Z,273.81,273.66,-0.15,0.5,-0.5,C2026.1470.csv
10/06/2026,09:54:53,LOC62,CÍRCULO,28354,Y,821.91,823.05,1.14,0.5,-0.5,C2026.1470.csv
10/06/2026,09:54:53,LOC62,CÍRCULO,28354,Z,648.15,647.9,-0.25,0.5,-0.5,C2026.1470.csv
10/06/2026,09:54:53,LOC63,CÍRCULO,CÍR5,X,1575.12,1574.98,-0.14,0.5,-0.5,C2026.1470.csv
10/06/2026,09:54:53,LOC63,CÍRCULO,CÍR5,Y,778.0,777.26,-0.74,0.5,-0.5,C2026.1470.csv
10/06/2026,09:54:53,LOC63,CÍRCULO,CÍR5,Z,405.75,405.7,-0.05,0.5,-0.5,C2026.1470.csv
10/06/2026,09:54:53,LOC64,SLOT,SLTR1,X,1571.67,1571.59,-0.08,1.0,-1.0,C2026.1470.csv
10/06/2026,09:54:53,LOC64,SLOT,SLTR1,Y,778.96,777.93,-1.03,1.0,-1.0,C2026.1470.csv
10/06/2026,09:54:53,LOC64,SLOT,SLTR1,Z,361.9,361.81,-0.09,1.0,-1.0,C2026.1470.csv
10/06/2026,09:54:53,LOC65,CÍRCULO,CÍR4,X,1637.22,1636.63,-0.59,1.0,-1.0,C2026.1470.csv
10/06/2026,09:54:53,LOC65,CÍRCULO,CÍR4,Y,745.94,746.45,0.52,1.0,-1.0,C2026.1470.csv
10/06/2026,09:54:53,LOC65,CÍRCULO,CÍR4,Z,579.71,579.63,-0.09,1.0,-1.0,C2026.1470.csv
10/06/2026,09:54:53,LOC66,CÍRCULO,CÍR3,X,1622.23,1621.68,-0.54,1.0,-1.0,C2026.1470.csv
10/06/2026,09:54:53,LOC66,CÍRCULO,CÍR3,Y,750.37,749.94,-0.43,1.0,-1.0,C2026.1470.csv
10/06/2026,09:54:53,LOC66,CÍRCULO,CÍR3,Z,427.84,427.64,-0.19,1.0,-1.0,C2026.1470.csv
10/06/2026,09:54:53,LOC25,SLOT,SLTQ1,X,1607.11,1606.37,-0.74,1.0,-1.0,C2026.1470.csv
10/06/2026,09:54:53,LOC25,SLOT,SLTQ1,Y,770.84,771.24,0.39,1.0,-1.0,C2026.1470.csv
10/06/2026,09:54:53,LOC25,SLOT,SLTQ1,Z,496.72,496.62,-0.1,1.0,-1.0,C2026.1470.csv
10/06/2026,09:54:53,DIST1,DIST,28354 → 28359,M,8.17,5.65,-2.52,0.8,-0.8,C2026.1470.csv
10/06/2026,09:54:53,DIST2,DIST,28359 → 28354,M,374.34,374.24,-0.11,0.8,-0.8,C2026.1470.csv
10/06/2026,09:54:53,LOC67,PONTO,PNT15,T,0.0,0.14,0.14,0.5,-0.5,C2026.1470.csv
10/06/2026,09:54:53,LOC68,PONTO,PNT16,T,0.0,-0.11,-0.11,0.5,-0.5,C2026.1470.csv
10/06/2026,09:54:53,LOC69,PONTO,PNT17,T,0.0,0.14,0.14,0.5,-0.5,C2026.1470.csv
10/06/2026,09:54:53,LOC70,PONTO,PNT18,T,0.0,-0.07,-0.07,0.5,-0.5,C2026.1470.csv
10/06/2026,09:54:53,LOC71,PONTO,PNT19,T,0.0,-0.2,-0.2,0.5,-0.5,C2026.1470.csv
10/06/2026,09:54:53,LOC72,PONTO,PNT20,T,0.0,0.2,0.2,0.5,-0.5,C2026.1470.csv
10/06/2026,09:54:53,LOC73,PONTO,PNT21,T,0.0,-0.03,-0.03,0.5,-0.5,C2026.1470.csv
10/06/2026,09:54:53,LOC74,PONTO,PNT22,T,0.0,0.78,0.78,0.5,-0.5,C2026.1470.csv
10/06/2026,09:54:53,LOC75,PONTO,PNT23,T,0.0,0.76,0.76,0.5,-0.5,C2026.1470.csv
10/06/2026,09:54:53,LOC76,PONTO,PNT24,T,0.0,0.73,0.73,0.5,-0.5,C2026.1470.csv
10/06/2026,09:54:53,LOC77,PONTO,PNT25,T,0.0,0.35,0.35,0.5,-0.5,C2026.1470.csv
10/06/2026,09:54:53,LOC78,PONTO,PNT26,T,0.0,0.12,0.12,0.5,-0.5,C2026.1470.csv
10/06/2026,09:54:53,LOC79,PONTO,PNT27,T,0.0,-0.29,-0.29,0.5,-0.5,C2026.1470.csv
10/06/2026,09:54:53,LOC80,PONTO,PNT28,T,0.0,-0.04,-0.04,0.5,-0.5,C2026.1470.csv
10/06/2026,09:54:53,LOC81,PONTO,PNT29,T,0.0,0.03,0.03,0.5,-0.5,C2026.1470.csv
10/06/2026,09:54:53,LOC82,PONTO,PNT30,T,0.0,0.46,0.46,0.5,-0.5,C2026.1470.csv
10/06/2026,09:54:53,LOC83,PONTO,PNT31,T,0.0,-0.66,-0.66,0.5,-0.5,C2026.1470.csv
10/06/2026,09:54:53,LOC84,PONTO,PNT32,T,0.0,0.31,0.31,0.5,-0.5,C2026.1470.csv
10/06/2026,09:54:53,LOC85,PONTO,PNT33,T,0.0,0.18,0.18,0.5,-0.5,C2026.1470.csv
10/06/2026,09:54:53,LOC86,PONTO,PNT34,T,0.0,0.21,0.21,0.5,-0.5,C2026.1470.csv
10/06/2026,09:54:53,LOC87,PONTO,PNT35,T,0.0,0.3,0.3,0.5,-0.5,C2026.1470.csv
10/06/2026,09:54:53,LOC88,PONTO,PNT36,T,0.0,0.06,0.06,0.5,-0.5,C2026.1470.csv
10/06/2026,09:54:53,LOC89,PONTO,PNT37,T,0.0,-0.03,-0.03,0.5,-0.5,C2026.1470.csv
10/06/2026,09:54:53,LOC90,PONTO,PNT38,T,0.0,0.15,0.15,0.5,-0.5,C2026.1470.csv
10/06/2026,09:54:53,LOC91,PONTO,PNT39,T,0.0,0.41,0.41,0.5,-0.5,C2026.1470.csv
10/06/2026,09:54:53,LOC92,PONTO,PNT40,T,0.0,0.66,0.66,0.5,-0.5,C2026.1470.csv
10/06/2026,09:54:53,LOC93,PONTO,PNT41,T,0.0,0.78,0.78,0.5,-0.5,C2026.1470.csv
10/06/2026,09:54:53,LOC94,PONTO,PNT42,T,0.0,-0.45,-0.45,0.5,-0.5,C2026.1470.csv
10/06/2026,09:54:53,LOC95,PONTO,PNT43,T,0.0,0.23,0.23,0.5,-0.5,C2026.1470.csv
10/06/2026,09:54:53,LOC96,PONTO,PNT44,T,0.0,1.48,1.48,0.5,-0.5,C2026.1470.csv
10/06/2026,09:54:53,LOC97,PONTO,PNT45,T,0.0,0.23,0.23,0.5,-0.5,C2026.1470.csv
10/06/2026,09:54:53,LOC98,PONTO,PNT46,T,0.0,0.37,0.37,0.5,-0.5,C2026.1470.csv
10/06/2026,09:54:53,LOC99,PONTO,PNT47,T,0.0,0.01,0.01,0.5,-0.5,C2026.1470.csv
10/06/2026,09:54:53,LOC100,PONTO,PNT48,T,0.0,0.7,0.7,0.5,-0.5,C2026.1470.csv
10/06/2026,09:54:53,LOC101,PONTO,PNT49,T,0.0,-0.47,-0.47,0.5,-0.5,C2026.1470.csv
10/06/2026,09:54:53,LOC102,PONTO,PNT51,T,0.0,-0.7,-0.7,0.5,-0.5,C2026.1470.csv
10/06/2026,09:54:53,LOC103,PONTO,PNT52,T,0.0,-0.35,-0.35,0.5,-0.5,C2026.1470.csv
10/06/2026,09:54:53,LOC104,PONTO,PNT53,T,0.0,-1.33,-1.33,0.5,-0.5,C2026.1470.csv
10/06/2026,09:54:53,LOC105,PONTO,PNT54,T,0.0,-0.82,-0.82,0.5,-0.5,C2026.1470.csv
10/06/2026,09:54:53,LOC106,PONTO,PNT55,T,0.0,-0.87,-0.87,0.5,-0.5,C2026.1470.csv
10/06/2026,09:54:53,LOC107,PONTO,PNT56,T,0.0,-0.47,-0.47,0.5,-0.5,C2026.1470.csv
10/06/2026,09:54:53,LOC108,PONTO,PNT57,T,0.0,-0.82,-0.82,0.5,-0.5,C2026.1470.csv
10/06/2026,09:54:53,LOC109,PONTO,PNT58,T,0.0,-0.44,-0.44,0.5,-0.5,C2026.1470.csv
10/06/2026,09:54:53,LOC110,PONTO,PNT59,T,0.0,-0.01,-0.01,0.5,-0.5,C2026.1470.csv
10/06/2026,09:54:53,LOC111,PONTO,PNT60,T,0.0,-0.4,-0.4,0.5,-0.5,C2026.1470.csv
10/06/2026,09:54:53,LOC112,PONTO,PNT9 BORDA,T,0.0,0.88,0.88,0.5,-0.5,C2026.1470.csv
10/06/2026,09:54:53,LOC113,PONTO,PNT8 BORDA,T,0.0,0.56,0.56,0.5,-0.5,C2026.1470.csv
10/06/2026,09:54:53,LOC114,PONTO,PNT7 BORDA,T,0.0,0.03,0.03,0.5,-0.5,C2026.1470.csv
10/06/2026,09:54:53,LOC115,PONTO,PNT6 BORDA,T,0.0,-0.23,-0.23,0.5,-0.5,C2026.1470.csv
10/06/2026,09:54:53,LOC116,PONTO,PNT5 BORDA,T,0.0,0.04,0.04,0.5,-0.5,C2026.1470.csv
10/06/2026,09:54:53,LOC117,PONTO,PNT4 BORDA,T,0.0,0.19,0.19,0.5,-0.5,C2026.1470.csv
10/06/2026,09:54:53,LOC118,PONTO,PNT3 BORDA,T,0.0,0.15,0.15,0.5,-0.5,C2026.1470.csv
10/06/2026,09:54:53,LOC119,PONTO,PNT21 BORDA,T,0.0,-0.03,-0.03,0.5,-0.5,C2026.1470.csv
10/06/2026,09:54:53,LOC120,PONTO,PNT20 BORDA,T,0.0,0.46,0.46,0.5,-0.5,C2026.1470.csv
10/06/2026,09:54:53,LOC121,PONTO,PNT2 BORDA,T,0.0,0.02,0.02,0.5,-0.5,C2026.1470.csv
10/06/2026,09:54:53,LOC122,PONTO,PNT19 BORDA,T,0.0,0.46,0.46,0.5,-0.5,C2026.1470.csv
10/06/2026,09:54:53,LOC123,PONTO,PNT18 BORDA,T,0.0,-0.49,-0.49,0.5,-0.5,C2026.1470.csv
10/06/2026,09:54:53,LOC124,PONTO,PNT17 BORDA,T,0.0,-1.84,-1.84,0.5,-0.5,C2026.1470.csv
10/06/2026,09:54:53,LOC125,PONTO,PNT16 BORDA,T,0.0,0.34,0.34,0.5,-0.5,C2026.1470.csv
10/06/2026,09:54:53,LOC126,PONTO,PNT15 BPRDA,T,0.0,-1.11,-1.11,0.5,-0.5,C2026.1470.csv
10/06/2026,09:54:53,LOC127,PONTO,PNT14 BORDA,T,0.0,0.27,0.27,0.5,-0.5,C2026.1470.csv
10/06/2026,09:54:53,LOC128,PONTO,PNT13 BORDA,T,0.0,-0.8,-0.8,0.5,-0.5,C2026.1470.csv
10/06/2026,09:54:53,LOC129,PONTO,PNT12 BORDA,T,0.0,-0.31,-0.31,0.5,-0.5,C2026.1470.csv
10/06/2026,09:54:53,LOC130,PONTO,PNT11 BORDA,T,0.0,-0.25,-0.25,0.5,-0.5,C2026.1470.csv
10/06/2026,09:54:53,LOC131,PONTO,PNT10 BORDA,T,0.0,1.2,1.2,0.5,-0.5,C2026.1470.csv
10/06/2026,09:54:53,LOC132,PONTO,PNT1 BORDA,T,0.0,-1.27,-1.27,0.5,-0.5,C2026.1470.csv
12/06/2026,09:54:53,LOC23,CÍRCULO,28359,Y,830.08,828.38,-1.69,0.5,-0.5,C2026.1471.csv
12/06/2026,09:54:53,LOC23,CÍRCULO,28359,Z,273.81,273.78,-0.03,0.5,-0.5,C2026.1471.csv
12/06/2026,09:54:53,LOC62,CÍRCULO,28354,Y,821.91,823.09,1.18,0.5,-0.5,C2026.1471.csv
12/06/2026,09:54:53,LOC62,CÍRCULO,28354,Z,648.15,647.78,-0.37,0.5,-0.5,C2026.1471.csv
12/06/2026,09:54:53,LOC63,CÍRCULO,CÍR5,X,1575.12,1574.94,-0.19,0.5,-0.5,C2026.1471.csv
12/06/2026,09:54:53,LOC63,CÍRCULO,CÍR5,Y,778.0,777.09,-0.91,0.5,-0.5,C2026.1471.csv
12/06/2026,09:54:53,LOC63,CÍRCULO,CÍR5,Z,405.75,405.67,-0.08,0.5,-0.5,C2026.1471.csv
12/06/2026,09:54:53,LOC64,SLOT,SLTR1,X,1571.67,1571.52,-0.15,1.0,-1.0,C2026.1471.csv
12/06/2026,09:54:53,LOC64,SLOT,SLTR1,Y,778.96,777.73,-1.23,1.0,-1.0,C2026.1471.csv
12/06/2026,09:54:53,LOC64,SLOT,SLTR1,Z,361.9,361.77,-0.13,1.0,-1.0,C2026.1471.csv
12/06/2026,09:54:53,LOC65,CÍRCULO,CÍR4,X,1637.22,1636.67,-0.55,1.0,-1.0,C2026.1471.csv
12/06/2026,09:54:53,LOC65,CÍRCULO,CÍR4,Y,745.94,746.41,0.47,1.0,-1.0,C2026.1471.csv
12/06/2026,09:54:53,LOC65,CÍRCULO,CÍR4,Z,579.71,579.59,-0.12,1.0,-1.0,C2026.1471.csv
12/06/2026,09:54:53,LOC66,CÍRCULO,CÍR3,X,1622.23,1621.67,-0.55,1.0,-1.0,C2026.1471.csv
12/06/2026,09:54:53,LOC66,CÍRCULO,CÍR3,Y,750.37,749.82,-0.55,1.0,-1.0,C2026.1471.csv
12/06/2026,09:54:53,LOC66,CÍRCULO,CÍR3,Z,427.84,427.67,-0.16,1.0,-1.0,C2026.1471.csv
12/06/2026,09:54:53,LOC25,SLOT,SLTQ1,X,1607.11,1606.37,-0.74,1.0,-1.0,C2026.1471.csv
12/06/2026,09:54:53,LOC25,SLOT,SLTQ1,Y,770.84,771.17,0.32,1.0,-1.0,C2026.1471.csv
12/06/2026,09:54:53,LOC25,SLOT,SLTQ1,Z,496.72,496.59,-0.13,1.0,-1.0,C2026.1471.csv
12/06/2026,09:54:53,DIST1,DIST,28354 → 28359,M,8.17,5.29,-2.87,0.8,-0.8,C2026.1471.csv
12/06/2026,09:54:53,DIST2,DIST,28359 → 28354,M,374.34,374.0,-0.34,0.8,-0.8,C2026.1471.csv
12/06/2026,09:54:53,LOC67,PONTO,PNT15,T,0.0,0.0,0.0,0.5,-0.5,C2026.1471.csv
12/06/2026,09:54:53,LOC68,PONTO,PNT16,T,0.0,-0.21,-0.21,0.5,-0.5,C2026.1471.csv
12/06/2026,09:54:53,LOC69,PONTO,PNT17,T,0.0,0.06,0.06,0.5,-0.5,C2026.1471.csv
12/06/2026,09:54:53,LOC70,PONTO,PNT18,T,0.0,-0.12,-0.12,0.5,-0.5,C2026.1471.csv
12/06/2026,09:54:53,LOC71,PONTO,PNT19,T,0.0,-0.23,-0.23,0.5,-0.5,C2026.1471.csv
12/06/2026,09:54:53,LOC72,PONTO,PNT20,T,0.0,0.17,0.17,0.5,-0.5,C2026.1471.csv
12/06/2026,09:54:53,LOC73,PONTO,PNT21,T,0.0,-0.02,-0.02,0.5,-0.5,C2026.1471.csv
12/06/2026,09:54:53,LOC74,PONTO,PNT22,T,0.0,0.8,0.8,0.5,-0.5,C2026.1471.csv
12/06/2026,09:54:53,LOC75,PONTO,PNT23,T,0.0,0.66,0.66,0.5,-0.5,C2026.1471.csv
12/06/2026,09:54:53,LOC76,PONTO,PNT24,T,0.0,0.69,0.69,0.5,-0.5,C2026.1471.csv
12/06/2026,09:54:53,LOC77,PONTO,PNT25,T,0.0,0.35,0.35,0.5,-0.5,C2026.1471.csv
12/06/2026,09:54:53,LOC78,PONTO,PNT26,T,0.0,0.06,0.06,0.5,-0.5,C2026.1471.csv
12/06/2026,09:54:53,LOC79,PONTO,PNT27,T,0.0,-0.38,-0.38,0.5,-0.5,C2026.1471.csv
12/06/2026,09:54:53,LOC80,PONTO,PNT28,T,0.0,-0.13,-0.13,0.5,-0.5,C2026.1471.csv
12/06/2026,09:54:53,LOC81,PONTO,PNT29,T,0.0,0.02,0.02,0.5,-0.5,C2026.1471.csv
12/06/2026,09:54:53,LOC82,PONTO,PNT30,T,0.0,0.39,0.39,0.5,-0.5,C2026.1471.csv
12/06/2026,09:54:53,LOC83,PONTO,PNT31,T,0.0,-0.77,-0.77,0.5,-0.5,C2026.1471.csv
12/06/2026,09:54:53,LOC84,PONTO,PNT32,T,0.0,0.17,0.17,0.5,-0.5,C2026.1471.csv
12/06/2026,09:54:53,LOC85,PONTO,PNT33,T,0.0,0.03,0.03,0.5,-0.5,C2026.1471.csv
12/06/2026,09:54:53,LOC86,PONTO,PNT34,T,0.0,0.02,0.02,0.5,-0.5,C2026.1471.csv
12/06/2026,09:54:53,LOC87,PONTO,PNT35,T,0.0,0.1,0.1,0.5,-0.5,C2026.1471.csv
12/06/2026,09:54:53,LOC88,PONTO,PNT36,T,0.0,0.03,0.03,0.5,-0.5,C2026.1471.csv
12/06/2026,09:54:53,LOC89,PONTO,PNT37,T,0.0,-0.07,-0.07,0.5,-0.5,C2026.1471.csv
12/06/2026,09:54:53,LOC90,PONTO,PNT38,T,0.0,0.13,0.13,0.5,-0.5,C2026.1471.csv
12/06/2026,09:54:53,LOC91,PONTO,PNT39,T,0.0,0.38,0.38,0.5,-0.5,C2026.1471.csv
12/06/2026,09:54:53,LOC92,PONTO,PNT40,T,0.0,0.61,0.61,0.5,-0.5,C2026.1471.csv
12/06/2026,09:54:53,LOC93,PONTO,PNT41,T,0.0,0.78,0.78,0.5,-0.5,C2026.1471.csv
12/06/2026,09:54:53,LOC94,PONTO,PNT42,T,0.0,-0.48,-0.48,0.5,-0.5,C2026.1471.csv
12/06/2026,09:54:53,LOC95,PONTO,PNT43,T,0.0,0.14,0.14,0.5,-0.5,C2026.1471.csv
12/06/2026,09:54:53,LOC96,PONTO,PNT44,T,0.0,1.64,1.64,0.5,-0.5,C2026.1471.csv
12/06/2026,09:54:53,LOC97,PONTO,PNT45,T,0.0,0.36,0.36,0.5,-0.5,C2026.1471.csv
12/06/2026,09:54:53,LOC98,PONTO,PNT46,T,0.0,0.36,0.36,0.5,-0.5,C2026.1471.csv
12/06/2026,09:54:53,LOC99,PONTO,PNT47,T,0.0,-0.23,-0.23,0.5,-0.5,C2026.1471.csv
12/06/2026,09:54:53,LOC100,PONTO,PNT48,T,0.0,0.5,0.5,0.5,-0.5,C2026.1471.csv
12/06/2026,09:54:53,LOC101,PONTO,PNT49,T,0.0,-0.6,-0.6,0.5,-0.5,C2026.1471.csv
12/06/2026,09:54:53,LOC102,PONTO,PNT51,T,0.0,-0.73,-0.73,0.5,-0.5,C2026.1471.csv
12/06/2026,09:54:53,LOC103,PONTO,PNT52,T,0.0,-0.39,-0.39,0.5,-0.5,C2026.1471.csv
12/06/2026,09:54:53,LOC104,PONTO,PNT53,T,0.0,-1.34,-1.34,0.5,-0.5,C2026.1471.csv
12/06/2026,09:54:53,LOC105,PONTO,PNT54,T,0.0,-0.83,-0.83,0.5,-0.5,C2026.1471.csv
12/06/2026,09:54:53,LOC106,PONTO,PNT55,T,0.0,-0.89,-0.89,0.5,-0.5,C2026.1471.csv
12/06/2026,09:54:53,LOC107,PONTO,PNT56,T,0.0,-0.47,-0.47,0.5,-0.5,C2026.1471.csv
12/06/2026,09:54:53,LOC108,PONTO,PNT57,T,0.0,-0.78,-0.78,0.5,-0.5,C2026.1471.csv
12/06/2026,09:54:53,LOC109,PONTO,PNT58,T,0.0,-0.58,-0.58,0.5,-0.5,C2026.1471.csv
12/06/2026,09:54:53,LOC110,PONTO,PNT59,T,0.0,-0.04,-0.04,0.5,-0.5,C2026.1471.csv
12/06/2026,09:54:53,LOC111,PONTO,PNT60,T,0.0,-0.45,-0.45,0.5,-0.5,C2026.1471.csv
12/06/2026,09:54:53,LOC112,PONTO,PNT9 BORDA,T,0.0,0.79,0.79,0.5,-0.5,C2026.1471.csv
12/06/2026,09:54:53,LOC113,PONTO,PNT8 BORDA,T,0.0,0.54,0.54,0.5,-0.5,C2026.1471.csv
12/06/2026,09:54:53,LOC114,PONTO,PNT7 BORDA,T,0.0,0.05,0.05,0.5,-0.5,C2026.1471.csv
12/06/2026,09:54:53,LOC115,PONTO,PNT6 BORDA,T,0.0,-0.24,-0.24,0.5,-0.5,C2026.1471.csv
12/06/2026,09:54:53,LOC116,PONTO,PNT5 BORDA,T,0.0,0.06,0.06,0.5,-0.5,C2026.1471.csv
12/06/2026,09:54:53,LOC117,PONTO,PNT4 BORDA,T,0.0,0.16,0.16,0.5,-0.5,C2026.1471.csv
12/06/2026,09:54:53,LOC118,PONTO,PNT3 BORDA,T,0.0,0.19,0.19,0.5,-0.5,C2026.1471.csv
12/06/2026,09:54:53,LOC119,PONTO,PNT21 BORDA,T,0.0,-0.09,-0.09,0.5,-0.5,C2026.1471.csv
12/06/2026,09:54:53,LOC120,PONTO,PNT20 BORDA,T,0.0,0.47,0.47,0.5,-0.5,C2026.1471.csv
12/06/2026,09:54:53,LOC121,PONTO,PNT2 BORDA,T,0.0,0.05,0.05,0.5,-0.5,C2026.1471.csv
12/06/2026,09:54:53,LOC122,PONTO,PNT19 BORDA,T,0.0,0.42,0.42,0.5,-0.5,C2026.1471.csv
12/06/2026,09:54:53,LOC123,PONTO,PNT18 BORDA,T,0.0,-0.54,-0.54,0.5,-0.5,C2026.1471.csv
12/06/2026,09:54:53,LOC124,PONTO,PNT17 BORDA,T,0.0,-1.87,-1.87,0.5,-0.5,C2026.1471.csv
12/06/2026,09:54:53,LOC125,PONTO,PNT16 BORDA,T,0.0,0.34,0.34,0.5,-0.5,C2026.1471.csv
12/06/2026,09:54:53,LOC126,PONTO,PNT15 BPRDA,T,0.0,-1.18,-1.18,0.5,-0.5,C2026.1471.csv
12/06/2026,09:54:53,LOC127,PONTO,PNT14 BORDA,T,0.0,0.28,0.28,0.5,-0.5,C2026.1471.csv
12/06/2026,09:54:53,LOC128,PONTO,PNT13 BORDA,T,0.0,-0.97,-0.97,0.5,-0.5,C2026.1471.csv
12/06/2026,09:54:53,LOC129,PONTO,PNT12 BORDA,T,0.0,-0.2,-0.2,0.5,-0.5,C2026.1471.csv
12/06/2026,09:54:53,LOC130,PONTO,PNT11 BORDA,T,0.0,-0.22,-0.22,0.5,-0.5,C2026.1471.csv
12/06/2026,09:54:53,LOC131,PONTO,PNT10 BORDA,T,0.0,1.12,1.12,0.5,-0.5,C2026.1471.csv
12/06/2026,09:54:53,LOC132,PONTO,PNT1 BORDA,T,0.0,-1.16,-1.16,0.5,-0.5,C2026.1471.csv
01/07/2026,21:29:27,LOC23,CÍRCULO,28359,Y,830.08,829.08,-1.0,0.5,-0.5,C2026.1699.csv
01/07/2026,21:29:27,LOC23,CÍRCULO,28359,Z,273.81,273.65,-0.15,0.5,-0.5,C2026.1699.csv
01/07/2026,21:29:27,LOC62,CÍRCULO,28354,Y,821.91,822.96,1.05,0.5,-0.5,C2026.1699.csv
01/07/2026,21:29:27,LOC62,CÍRCULO,28354,Z,648.15,647.86,-0.29,0.5,-0.5,C2026.1699.csv
01/07/2026,21:29:27,LOC63,CÍRCULO,CÍR5,X,1575.12,1574.62,-0.51,0.5,-0.5,C2026.1699.csv
01/07/2026,21:29:27,LOC63,CÍRCULO,CÍR5,Y,778.0,776.89,-1.11,0.5,-0.5,C2026.1699.csv
01/07/2026,21:29:27,LOC63,CÍRCULO,CÍR5,Z,405.75,405.8,0.05,0.5,-0.5,C2026.1699.csv
01/07/2026,21:29:27,LOC64,SLOT,SLTR1,X,1571.67,1571.11,-0.56,1.0,-1.0,C2026.1699.csv
01/07/2026,21:29:27,LOC64,SLOT,SLTR1,Y,778.96,777.59,-1.37,1.0,-1.0,C2026.1699.csv
01/07/2026,21:29:27,LOC64,SLOT,SLTR1,Z,361.9,361.94,0.05,1.0,-1.0,C2026.1699.csv
01/07/2026,21:29:27,LOC65,CÍRCULO,CÍR4,X,1637.22,1636.17,-1.05,1.0,-1.0,C2026.1699.csv
01/07/2026,21:29:27,LOC65,CÍRCULO,CÍR4,Y,745.94,746.11,0.17,1.0,-1.0,C2026.1699.csv
01/07/2026,21:29:27,LOC65,CÍRCULO,CÍR4,Z,579.71,579.8,0.09,1.0,-1.0,C2026.1699.csv
01/07/2026,21:29:27,LOC66,CÍRCULO,CÍR3,X,1622.23,1621.35,-0.88,1.0,-1.0,C2026.1699.csv
01/07/2026,21:29:27,LOC66,CÍRCULO,CÍR3,Y,750.37,749.38,-0.99,1.0,-1.0,C2026.1699.csv
01/07/2026,21:29:27,LOC66,CÍRCULO,CÍR3,Z,427.84,427.71,-0.12,1.0,-1.0,C2026.1699.csv
01/07/2026,21:29:27,LOC25,SLOT,SLTQ1,X,1607.11,1606.02,-1.09,1.0,-1.0,C2026.1699.csv
01/07/2026,21:29:27,LOC25,SLOT,SLTQ1,Y,770.84,770.74,-0.11,1.0,-1.0,C2026.1699.csv
01/07/2026,21:29:27,LOC25,SLOT,SLTQ1,Z,496.72,496.75,0.03,1.0,-1.0,C2026.1699.csv
01/07/2026,21:29:27,DIST1,DIST,28354 → 28359,M,8.17,6.12,-2.05,0.8,-0.8,C2026.1699.csv
01/07/2026,21:29:27,DIST2,DIST,28359 → 28354,M,374.34,374.2,-0.14,0.8,-0.8,C2026.1699.csv
01/07/2026,21:29:27,LOC67,PONTO,PNT15,T,0.0,0.03,0.03,0.5,-0.5,C2026.1699.csv
01/07/2026,21:29:27,LOC68,PONTO,PNT16,T,0.0,-0.17,-0.17,0.5,-0.5,C2026.1699.csv
01/07/2026,21:29:27,LOC69,PONTO,PNT17,T,0.0,0.27,0.27,0.5,-0.5,C2026.1699.csv
01/07/2026,21:29:27,LOC70,PONTO,PNT18,T,0.0,-0.09,-0.09,0.5,-0.5,C2026.1699.csv
01/07/2026,21:29:27,LOC71,PONTO,PNT19,T,0.0,-0.23,-0.23,0.5,-0.5,C2026.1699.csv
01/07/2026,21:29:27,LOC72,PONTO,PNT20,T,0.0,0.14,0.14,0.5,-0.5,C2026.1699.csv
01/07/2026,21:29:27,LOC73,PONTO,PNT21,T,0.0,-0.01,-0.01,0.5,-0.5,C2026.1699.csv
01/07/2026,21:29:27,LOC74,PONTO,PNT22,T,0.0,0.7,0.7,0.5,-0.5,C2026.1699.csv
01/07/2026,21:29:27,LOC75,PONTO,PNT23,T,0.0,0.24,0.24,0.5,-0.5,C2026.1699.csv
01/07/2026,21:29:27,LOC76,PONTO,PNT24,T,0.0,0.33,0.33,0.5,-0.5,C2026.1699.csv
01/07/2026,21:29:27,LOC77,PONTO,PNT25,T,0.0,0.16,0.16,0.5,-0.5,C2026.1699.csv
01/07/2026,21:29:27,LOC78,PONTO,PNT26,T,0.0,-0.02,-0.02,0.5,-0.5,C2026.1699.csv
01/07/2026,21:29:27,LOC79,PONTO,PNT27,T,0.0,-0.94,-0.94,0.5,-0.5,C2026.1699.csv
01/07/2026,21:29:27,LOC80,PONTO,PNT28,T,0.0,-0.62,-0.62,0.5,-0.5,C2026.1699.csv
01/07/2026,21:29:27,LOC81,PONTO,PNT29,T,0.0,-0.58,-0.58,0.5,-0.5,C2026.1699.csv
01/07/2026,21:29:27,LOC82,PONTO,PNT30,T,0.0,-0.1,-0.1,0.5,-0.5,C2026.1699.csv
01/07/2026,21:29:27,LOC83,PONTO,PNT31,T,0.0,-1.04,-1.04,0.5,-0.5,C2026.1699.csv
01/07/2026,21:29:27,LOC84,PONTO,PNT32,T,0.0,-0.06,-0.06,0.5,-0.5,C2026.1699.csv
01/07/2026,21:29:27,LOC85,PONTO,PNT33,T,0.0,-0.13,-0.13,0.5,-0.5,C2026.1699.csv
01/07/2026,21:29:27,LOC86,PONTO,PNT34,T,0.0,-0.05,-0.05,0.5,-0.5,C2026.1699.csv
01/07/2026,21:29:27,LOC87,PONTO,PNT35,T,0.0,0.2,0.2,0.5,-0.5,C2026.1699.csv
01/07/2026,21:29:27,LOC88,PONTO,PNT36,T,0.0,0.01,0.01,0.5,-0.5,C2026.1699.csv
01/07/2026,21:29:27,LOC89,PONTO,PNT37,T,0.0,-0.05,-0.05,0.5,-0.5,C2026.1699.csv
01/07/2026,21:29:27,LOC90,PONTO,PNT38,T,0.0,0.21,0.21,0.5,-0.5,C2026.1699.csv
01/07/2026,21:29:27,LOC91,PONTO,PNT39,T,0.0,0.2,0.2,0.5,-0.5,C2026.1699.csv
01/07/2026,21:29:27,LOC92,PONTO,PNT40,T,0.0,0.67,0.67,0.5,-0.5,C2026.1699.csv
01/07/2026,21:29:27,LOC93,PONTO,PNT41,T,0.0,0.5,0.5,0.5,-0.5,C2026.1699.csv
01/07/2026,21:29:27,LOC94,PONTO,PNT42,T,0.0,-0.13,-0.13,0.5,-0.5,C2026.1699.csv
01/07/2026,21:29:27,LOC95,PONTO,PNT43,T,0.0,0.19,0.19,0.5,-0.5,C2026.1699.csv
01/07/2026,21:29:27,LOC96,PONTO,PNT44,T,0.0,1.67,1.67,0.5,-0.5,C2026.1699.csv
01/07/2026,21:29:27,LOC97,PONTO,PNT45,T,0.0,0.24,0.24,0.5,-0.5,C2026.1699.csv
01/07/2026,21:29:27,LOC98,PONTO,PNT46,T,0.0,0.16,0.16,0.5,-0.5,C2026.1699.csv
01/07/2026,21:29:27,LOC99,PONTO,PNT47,T,0.0,-0.57,-0.57,0.5,-0.5,C2026.1699.csv
01/07/2026,21:29:27,LOC100,PONTO,PNT48,T,0.0,0.06,0.06,0.5,-0.5,C2026.1699.csv
01/07/2026,21:29:27,LOC101,PONTO,PNT49,T,0.0,-1.0,-1.0,0.5,-0.5,C2026.1699.csv
01/07/2026,21:29:27,LOC102,PONTO,PNT51,T,0.0,-1.02,-1.02,0.5,-0.5,C2026.1699.csv
01/07/2026,21:29:27,LOC103,PONTO,PNT52,T,0.0,-0.44,-0.44,0.5,-0.5,C2026.1699.csv
01/07/2026,21:29:27,LOC104,PONTO,PNT53,T,0.0,-1.07,-1.07,0.5,-0.5,C2026.1699.csv
01/07/2026,21:29:27,LOC105,PONTO,PNT54,T,0.0,-0.77,-0.77,0.5,-0.5,C2026.1699.csv
01/07/2026,21:29:27,LOC106,PONTO,PNT55,T,0.0,-1.09,-1.09,0.5,-0.5,C2026.1699.csv
01/07/2026,21:29:27,LOC107,PONTO,PNT56,T,0.0,-0.72,-0.72,0.5,-0.5,C2026.1699.csv
01/07/2026,21:29:27,LOC108,PONTO,PNT57,T,0.0,-1.24,-1.24,0.5,-0.5,C2026.1699.csv
01/07/2026,21:29:27,LOC109,PONTO,PNT58,T,0.0,-0.2,-0.2,0.5,-0.5,C2026.1699.csv
01/07/2026,21:29:27,LOC110,PONTO,PNT59,T,0.0,-0.03,-0.03,0.5,-0.5,C2026.1699.csv
01/07/2026,21:29:27,LOC111,PONTO,PNT60,T,0.0,-0.12,-0.12,0.5,-0.5,C2026.1699.csv
01/07/2026,21:29:27,LOC112,PONTO,PNT9 BORDA,T,0.0,-0.16,-0.16,0.5,-0.5,C2026.1699.csv
01/07/2026,21:29:27,LOC113,PONTO,PNT8 BORDA,T,0.0,0.13,0.13,0.5,-0.5,C2026.1699.csv
01/07/2026,21:29:27,LOC114,PONTO,PNT7 BORDA,T,0.0,-0.39,-0.39,0.5,-0.5,C2026.1699.csv
01/07/2026,21:29:27,LOC115,PONTO,PNT6 BORDA,T,0.0,-0.65,-0.65,0.5,-0.5,C2026.1699.csv
01/07/2026,21:29:27,LOC116,PONTO,PNT5 BORDA,T,0.0,-0.36,-0.36,0.5,-0.5,C2026.1699.csv
01/07/2026,21:29:27,LOC117,PONTO,PNT4 BORDA,T,0.0,-0.24,-0.24,0.5,-0.5,C2026.1699.csv
01/07/2026,21:29:27,LOC118,PONTO,PNT3 BORDA,T,0.0,-0.25,-0.25,0.5,-0.5,C2026.1699.csv
01/07/2026,21:29:27,LOC119,PONTO,PNT21 BORDA,T,0.0,0.31,0.31,0.5,-0.5,C2026.1699.csv
01/07/2026,21:29:27,LOC120,PONTO,PNT20 BORDA,T,0.0,-0.21,-0.21,0.5,-0.5,C2026.1699.csv
01/07/2026,21:29:27,LOC121,PONTO,PNT2 BORDA,T,0.0,-0.47,-0.47,0.5,-0.5,C2026.1699.csv
01/07/2026,21:29:27,LOC122,PONTO,PNT19 BORDA,T,0.0,0.04,0.04,0.5,-0.5,C2026.1699.csv
01/07/2026,21:29:27,LOC123,PONTO,PNT18 BORDA,T,0.0,-0.27,-0.27,0.5,-0.5,C2026.1699.csv
01/07/2026,21:29:27,LOC124,PONTO,PNT17 BORDA,T,0.0,-1.54,-1.54,0.5,-0.5,C2026.1699.csv
01/07/2026,21:29:27,LOC125,PONTO,PNT16 BORDA,T,0.0,0.31,0.31,0.5,-0.5,C2026.1699.csv
01/07/2026,21:29:27,LOC126,PONTO,PNT15 BPRDA,T,0.0,-0.95,-0.95,0.5,-0.5,C2026.1699.csv
01/07/2026,21:29:27,LOC127,PONTO,PNT14 BORDA,T,0.0,0.08,0.08,0.5,-0.5,C2026.1699.csv
01/07/2026,21:29:27,LOC128,PONTO,PNT13 BORDA,T,0.0,-0.9,-0.9,0.5,-0.5,C2026.1699.csv
01/07/2026,21:29:27,LOC129,PONTO,PNT12 BORDA,T,0.0,-0.49,-0.49,0.5,-0.5,C2026.1699.csv
01/07/2026,21:29:27,LOC130,PONTO,PNT11 BORDA,T,0.0,-0.41,-0.41,0.5,-0.5,C2026.1699.csv
01/07/2026,21:29:27,LOC131,PONTO,PNT10 BORDA,T,0.0,0.28,0.28,0.5,-0.5,C2026.1699.csv
01/07/2026,21:29:27,LOC132,PONTO,PNT1 BORDA,T,0.0,-1.62,-1.62,0.5,-0.5,C2026.1699.csv
02/07/2026,09:56:53,LOC23,CÍRCULO,28359,Y,830.08,829.12,-0.96,0.5,-0.5,C2026.1701.csv
02/07/2026,09:56:53,LOC23,CÍRCULO,28359,Z,273.81,273.04,-0.76,0.5,-0.5,C2026.1701.csv
02/07/2026,09:56:53,LOC62,CÍRCULO,28354,Y,821.91,823.67,1.76,0.5,-0.5,C2026.1701.csv
02/07/2026,09:56:53,LOC62,CÍRCULO,28354,Z,648.15,647.6,-0.55,0.5,-0.5,C2026.1701.csv
02/07/2026,09:56:53,LOC63,CÍRCULO,CÍR5,X,1575.12,1574.51,-0.62,0.5,-0.5,C2026.1701.csv
02/07/2026,09:56:53,LOC63,CÍRCULO,CÍR5,Y,778.0,777.05,-0.95,0.5,-0.5,C2026.1701.csv
02/07/2026,09:56:53,LOC63,CÍRCULO,CÍR5,Z,405.75,405.55,-0.2,0.5,-0.5,C2026.1701.csv
02/07/2026,09:56:53,LOC64,SLOT,SLTR1,X,1571.67,1571.06,-0.61,1.0,-1.0,C2026.1701.csv
02/07/2026,09:56:53,LOC64,SLOT,SLTR1,Y,778.96,777.69,-1.26,1.0,-1.0,C2026.1701.csv
02/07/2026,09:56:53,LOC64,SLOT,SLTR1,Z,361.9,361.7,-0.19,1.0,-1.0,C2026.1701.csv
02/07/2026,09:56:53,LOC65,CÍRCULO,CÍR4,X,1637.22,1636.22,-1.0,1.0,-1.0,C2026.1701.csv
02/07/2026,09:56:53,LOC65,CÍRCULO,CÍR4,Y,745.94,746.05,0.11,1.0,-1.0,C2026.1701.csv
02/07/2026,09:56:53,LOC65,CÍRCULO,CÍR4,Z,579.71,579.52,-0.19,1.0,-1.0,C2026.1701.csv
02/07/2026,09:56:53,LOC66,CÍRCULO,CÍR3,X,1622.23,1621.44,-0.78,1.0,-1.0,C2026.1701.csv
02/07/2026,09:56:53,LOC66,CÍRCULO,CÍR3,Y,750.37,749.94,-0.43,1.0,-1.0,C2026.1701.csv
02/07/2026,09:56:53,LOC66,CÍRCULO,CÍR3,Z,427.84,427.48,-0.35,1.0,-1.0,C2026.1701.csv
02/07/2026,09:56:53,LOC25,SLOT,SLTQ1,X,1607.11,1606.1,-1.0,1.0,-1.0,C2026.1701.csv
02/07/2026,09:56:53,LOC25,SLOT,SLTQ1,Y,770.84,771.34,0.5,1.0,-1.0,C2026.1701.csv
02/07/2026,09:56:53,LOC25,SLOT,SLTQ1,Z,496.72,496.55,-0.17,1.0,-1.0,C2026.1701.csv
02/07/2026,09:56:53,DIST1,DIST,28354 → 28359,M,8.17,5.44,-2.72,0.8,-0.8,C2026.1701.csv
02/07/2026,09:56:53,DIST2,DIST,28359 → 28354,M,374.34,374.56,0.21,0.8,-0.8,C2026.1701.csv
02/07/2026,09:56:53,LOC67,PONTO,PNT15,T,0.0,-0.06,-0.06,0.5,-0.5,C2026.1701.csv
02/07/2026,09:56:53,LOC68,PONTO,PNT16,T,0.0,-0.12,-0.12,0.5,-0.5,C2026.1701.csv
02/07/2026,09:56:53,LOC69,PONTO,PNT17,T,0.0,0.61,0.61,0.5,-0.5,C2026.1701.csv
02/07/2026,09:56:53,LOC70,PONTO,PNT18,T,0.0,0.16,0.16,0.5,-0.5,C2026.1701.csv
02/07/2026,09:56:53,LOC71,PONTO,PNT19,T,0.0,0.13,0.13,0.5,-0.5,C2026.1701.csv
02/07/2026,09:56:53,LOC72,PONTO,PNT20,T,0.0,0.19,0.19,0.5,-0.5,C2026.1701.csv
02/07/2026,09:56:53,LOC73,PONTO,PNT21,T,0.0,0.24,0.24,0.5,-0.5,C2026.1701.csv
02/07/2026,09:56:53,LOC74,PONTO,PNT22,T,0.0,0.94,0.94,0.5,-0.5,C2026.1701.csv
02/07/2026,09:56:53,LOC75,PONTO,PNT23,T,0.0,0.31,0.31,0.5,-0.5,C2026.1701.csv
02/07/2026,09:56:53,LOC76,PONTO,PNT24,T,0.0,0.65,0.65,0.5,-0.5,C2026.1701.csv
02/07/2026,09:56:53,LOC77,PONTO,PNT25,T,0.0,0.42,0.42,0.5,-0.5,C2026.1701.csv
02/07/2026,09:56:53,LOC78,PONTO,PNT26,T,0.0,-0.24,-0.24,0.5,-0.5,C2026.1701.csv
02/07/2026,09:56:53,LOC79,PONTO,PNT27,T,0.0,-0.33,-0.33,0.5,-0.5,C2026.1701.csv
02/07/2026,09:56:53,LOC80,PONTO,PNT28,T,0.0,-0.02,-0.02,0.5,-0.5,C2026.1701.csv
02/07/2026,09:56:53,LOC81,PONTO,PNT29,T,0.0,-0.12,-0.12,0.5,-0.5,C2026.1701.csv
02/07/2026,09:56:53,LOC82,PONTO,PNT30,T,0.0,0.39,0.39,0.5,-0.5,C2026.1701.csv
02/07/2026,09:56:53,LOC83,PONTO,PNT31,T,0.0,-0.67,-0.67,0.5,-0.5,C2026.1701.csv
02/07/2026,09:56:53,LOC84,PONTO,PNT32,T,0.0,0.04,0.04,0.5,-0.5,C2026.1701.csv
02/07/2026,09:56:53,LOC85,PONTO,PNT33,T,0.0,-0.05,-0.05,0.5,-0.5,C2026.1701.csv
02/07/2026,09:56:53,LOC86,PONTO,PNT34,T,0.0,0.01,0.01,0.5,-0.5,C2026.1701.csv
02/07/2026,09:56:53,LOC87,PONTO,PNT35,T,0.0,0.06,0.06,0.5,-0.5,C2026.1701.csv
02/07/2026,09:56:53,LOC88,PONTO,PNT36,T,0.0,0.03,0.03,0.5,-0.5,C2026.1701.csv
02/07/2026,09:56:53,LOC89,PONTO,PNT37,T,0.0,-0.17,-0.17,0.5,-0.5,C2026.1701.csv
02/07/2026,09:56:53,LOC90,PONTO,PNT38,T,0.0,0.2,0.2,0.5,-0.5,C2026.1701.csv
02/07/2026,09:56:53,LOC91,PONTO,PNT39,T,0.0,0.41,0.41,0.5,-0.5,C2026.1701.csv
02/07/2026,09:56:53,LOC92,PONTO,PNT40,T,0.0,0.68,0.68,0.5,-0.5,C2026.1701.csv
02/07/2026,09:56:53,LOC93,PONTO,PNT41,T,0.0,0.83,0.83,0.5,-0.5,C2026.1701.csv
02/07/2026,09:56:53,LOC94,PONTO,PNT42,T,0.0,-0.22,-0.22,0.5,-0.5,C2026.1701.csv
02/07/2026,09:56:53,LOC95,PONTO,PNT43,T,0.0,0.23,0.23,0.5,-0.5,C2026.1701.csv
02/07/2026,09:56:53,LOC96,PONTO,PNT44,T,0.0,1.61,1.61,0.5,-0.5,C2026.1701.csv
02/07/2026,09:56:53,LOC97,PONTO,PNT45,T,0.0,0.2,0.2,0.5,-0.5,C2026.1701.csv
02/07/2026,09:56:53,LOC98,PONTO,PNT46,T,0.0,0.19,0.19,0.5,-0.5,C2026.1701.csv
02/07/2026,09:56:53,LOC99,PONTO,PNT47,T,0.0,-0.6,-0.6,0.5,-0.5,C2026.1701.csv
02/07/2026,09:56:53,LOC100,PONTO,PNT48,T,0.0,0.2,0.2,0.5,-0.5,C2026.1701.csv
02/07/2026,09:56:53,LOC101,PONTO,PNT49,T,0.0,-0.9,-0.9,0.5,-0.5,C2026.1701.csv
02/07/2026,09:56:53,LOC102,PONTO,PNT51,T,0.0,-0.82,-0.82,0.5,-0.5,C2026.1701.csv
02/07/2026,09:56:53,LOC103,PONTO,PNT52,T,0.0,-0.59,-0.59,0.5,-0.5,C2026.1701.csv
02/07/2026,09:56:53,LOC104,PONTO,PNT53,T,0.0,-1.37,-1.37,0.5,-0.5,C2026.1701.csv
02/07/2026,09:56:53,LOC105,PONTO,PNT54,T,0.0,-1.04,-1.04,0.5,-0.5,C2026.1701.csv
02/07/2026,09:56:53,LOC106,PONTO,PNT55,T,0.0,-1.07,-1.07,0.5,-0.5,C2026.1701.csv
02/07/2026,09:56:53,LOC107,PONTO,PNT56,T,0.0,-0.91,-0.91,0.5,-0.5,C2026.1701.csv
02/07/2026,09:56:53,LOC108,PONTO,PNT57,T,0.0,-1.15,-1.15,0.5,-0.5,C2026.1701.csv
02/07/2026,09:56:53,LOC109,PONTO,PNT58,T,0.0,-0.24,-0.24,0.5,-0.5,C2026.1701.csv
02/07/2026,09:56:53,LOC110,PONTO,PNT59,T,0.0,-0.31,-0.31,0.5,-0.5,C2026.1701.csv
02/07/2026,09:56:53,LOC111,PONTO,PNT60,T,0.0,-0.6,-0.6,0.5,-0.5,C2026.1701.csv
02/07/2026,09:56:53,LOC112,PONTO,PNT9 BORDA,T,0.0,0.29,0.29,0.5,-0.5,C2026.1701.csv
02/07/2026,09:56:53,LOC113,PONTO,PNT8 BORDA,T,0.0,0.1,0.1,0.5,-0.5,C2026.1701.csv
02/07/2026,09:56:53,LOC114,PONTO,PNT7 BORDA,T,0.0,-0.33,-0.33,0.5,-0.5,C2026.1701.csv
02/07/2026,09:56:53,LOC115,PONTO,PNT6 BORDA,T,0.0,-0.5,-0.5,0.5,-0.5,C2026.1701.csv
02/07/2026,09:56:53,LOC116,PONTO,PNT5 BORDA,T,0.0,-0.27,-0.27,0.5,-0.5,C2026.1701.csv
02/07/2026,09:56:53,LOC117,PONTO,PNT4 BORDA,T,0.0,-0.19,-0.19,0.5,-0.5,C2026.1701.csv
02/07/2026,09:56:53,LOC118,PONTO,PNT3 BORDA,T,0.0,-0.24,-0.24,0.5,-0.5,C2026.1701.csv
02/07/2026,09:56:53,LOC119,PONTO,PNT21 BORDA,T,0.0,0.04,0.04,0.5,-0.5,C2026.1701.csv
02/07/2026,09:56:53,LOC120,PONTO,PNT20 BORDA,T,0.0,-0.31,-0.31,0.5,-0.5,C2026.1701.csv
02/07/2026,09:56:53,LOC121,PONTO,PNT2 BORDA,T,0.0,-0.41,-0.41,0.5,-0.5,C2026.1701.csv
02/07/2026,09:56:53,LOC122,PONTO,PNT19 BORDA,T,0.0,0.01,0.01,0.5,-0.5,C2026.1701.csv
02/07/2026,09:56:53,LOC123,PONTO,PNT18 BORDA,T,0.0,-0.87,-0.87,0.5,-0.5,C2026.1701.csv
02/07/2026,09:56:53,LOC124,PONTO,PNT17 BORDA,T,0.0,-2.19,-2.19,0.5,-0.5,C2026.1701.csv
02/07/2026,09:56:53,LOC125,PONTO,PNT16 BORDA,T,0.0,0.3,0.3,0.5,-0.5,C2026.1701.csv
02/07/2026,09:56:53,LOC126,PONTO,PNT15 BPRDA,T,0.0,-1.64,-1.64,0.5,-0.5,C2026.1701.csv
02/07/2026,09:56:53,LOC127,PONTO,PNT14 BORDA,T,0.0,0.94,0.94,0.5,-0.5,C2026.1701.csv
02/07/2026,09:56:53,LOC128,PONTO,PNT13 BORDA,T,0.0,-0.75,-0.75,0.5,-0.5,C2026.1701.csv
02/07/2026,09:56:53,LOC129,PONTO,PNT12 BORDA,T,0.0,-0.16,-0.16,0.5,-0.5,C2026.1701.csv
02/07/2026,09:56:53,LOC130,PONTO,PNT11 BORDA,T,0.0,-0.16,-0.16,0.5,-0.5,C2026.1701.csv
02/07/2026,09:56:53,LOC131,PONTO,PNT10 BORDA,T,0.0,1.18,1.18,0.5,-0.5,C2026.1701.csv
02/07/2026,09:56:53,LOC132,PONTO,PNT1 BORDA,T,0.0,-1.79,-1.79,0.5,-0.5,C2026.1701.csv
